data,uf,canal,categoria,segmento,produto,quantidade,receita,custo,lucro
2023-01-01,BA,Online,Acessórios,Corporativo,Produto_40,1,2133.02,1515.43,617.59
2023-01-01,BA,Loja Física,Acessórios,Corporativo,Produto_27,13,18812.08,15735.4,3076.68
2023-01-01,BA,Online,Eletrônicos,Distribuidor,Produto_108,1,666.42,483.32,183.1
2023-01-01,PR,Online,Informática,Corporativo,Produto_51,9,6616.53,5587.96,1028.57
2023-01-02,MG,Marketplace,Informática,Corporativo,Produto_3,2,4544.17,2797.94,1746.24
2023-01-03,MG,Marketplace,Informática,Varejo,Produto_29,5,5108.43,3633.21,1475.22
2023-01-03,BA,Marketplace,Acessórios,Varejo,Produto_100,11,5613.63,3506.28,2107.35
2023-01-03,MG,Marketplace,Informática,Varejo,Produto_83,6,10415.22,5779.45,4635.77
2023-01-03,PR,Marketplace,Informática,Varejo,Produto_55,12,21941.27,13316.03,8625.24
2023-01-03,SP,Loja Física,Acessórios,Varejo,Produto_52,7,2877.3,1768.69,1108.61
2023-01-04,MG,Marketplace,Móveis,Varejo,Produto_4,7,1250.24,767.7,482.54
2023-01-04,MG,Loja Física,Serviços,Corporativo,Produto_82,4,8484.3,4788.35,3695.95
2023-01-04,ES,Online,Serviços,Corporativo,Produto_15,12,16829.75,11255.29,5574.46
2023-01-05,RS,Loja Física,Informática,Distribuidor,Produto_98,4,1199.29,858.18,341.11
2023-01-06,PR,Loja Física,Eletrônicos,Distribuidor,Produto_23,11,1232.85,989.38,243.47
2023-01-06,SC,Marketplace,Eletrônicos,Corporativo,Produto_86,13,29917.05,20642.71,9274.34
2023-01-06,MG,Representante,Informática,Distribuidor,Produto_4,9,3769.42,2263.82,1505.6
2023-01-06,ES,Representante,Serviços,Corporativo,Produto_113,10,9210.82,6600.91,2609.9
2023-01-06,RS,Representante,Serviços,Distribuidor,Produto_64,5,8503.59,6335.57,2168.02
2023-01-06,BA,Representante,Acessórios,Varejo,Produto_71,1,1609.35,1189.93,419.42
2023-01-07,PR,Marketplace,Acessórios,Distribuidor,Produto_73,13,4727.36,3203.38,1523.99
2023-01-07,RS,Marketplace,Móveis,Corporativo,Produto_36,3,1634.25,1269.29,364.95
2023-01-07,MG,Representante,Eletrônicos,Corporativo,Produto_94,1,1349.32,955.12,394.2
2023-01-07,SP,Representante,Eletrônicos,Varejo,Produto_1,6,718.71,422.59,296.12
2023-01-08,BA,Representante,Móveis,Corporativo,Produto_90,4,5259.06,3646.73,1612.33
2023-01-08,MG,Representante,Eletrônicos,Varejo,Produto_77,12,17473.08,10201.02,7272.06
2023-01-08,SP,Loja Física,Informática,Distribuidor,Produto_30,6,8680.87,7279.11,1401.75
2023-01-08,BA,Loja Física,Serviços,Varejo,Produto_55,3,4176.42,2421.9,1754.52
2023-01-10,PR,Marketplace,Móveis,Varejo,Produto_7,1,392.36,282.06,110.3
2023-01-11,ES,Marketplace,Acessórios,Distribuidor,Produto_70,9,14465.45,10288.41,4177.04
2023-01-11,SC,Loja Física,Móveis,Distribuidor,Produto_9,8,4477.77,3619.21,858.56
2023-01-12,SC,Loja Física,Informática,Corporativo,Produto_57,8,840.85,492.29,348.56
2023-01-12,BA,Loja Física,Informática,Varejo,Produto_115,9,3930.08,2590.62,1339.47
2023-01-12,SP,Online,Eletrônicos,Corporativo,Produto_76,1,1435.48,851.02,584.46
2023-01-12,SP,Marketplace,Informática,Varejo,Produto_15,6,13656.58,10185.7,3470.88
2023-01-12,RJ,Representante,Serviços,Corporativo,Produto_73,6,4184.39,2494.68,1689.71
2023-01-12,ES,Loja Física,Acessórios,Varejo,Produto_8,2,4668.79,3248.14,1420.64
2023-01-12,BA,Loja Física,Acessórios,Varejo,Produto_54,11,21880.61,15856.01,6024.6
2023-01-13,MG,Online,Eletrônicos,Varejo,Produto_10,4,7938.75,4540.34,3398.41
2023-01-13,RS,Marketplace,Informática,Varejo,Produto_69,14,15475.11,11831.61,3643.5
2023-01-13,RJ,Marketplace,Serviços,Distribuidor,Produto_59,7,5479.84,3493.89,1985.95
2023-01-13,RS,Representante,Informática,Distribuidor,Produto_103,8,8772.29,5200.72,3571.57
2023-01-13,RJ,Online,Serviços,Distribuidor,Produto_116,12,6626.41,3727.75,2898.66
2023-01-15,ES,Representante,Acessórios,Varejo,Produto_66,2,1960.43,1394.07,566.36
2023-01-15,RJ,Marketplace,Acessórios,Distribuidor,Produto_101,9,10925.79,9083.94,1841.85
2023-01-15,SC,Representante,Serviços,Varejo,Produto_52,5,8319.37,5180.7,3138.68
2023-01-15,RS,Marketplace,Serviços,Distribuidor,Produto_57,1,1382.31,932.7,449.6
2023-01-16,BA,Loja Física,Serviços,Distribuidor,Produto_116,8,19837.6,15331.32,4506.28
2023-01-16,BA,Online,Móveis,Distribuidor,Produto_49,11,10711.11,6250.13,4460.98
2023-01-17,MG,Representante,Acessórios,Corporativo,Produto_72,4,4686.79,3345.5,1341.28
2023-01-17,SC,Loja Física,Informática,Corporativo,Produto_96,3,998.39,798.02,200.37
2023-01-17,RJ,Loja Física,Informática,Varejo,Produto_101,7,14918.55,10561.7,4356.85
2023-01-18,RS,Marketplace,Eletrônicos,Distribuidor,Produto_101,5,10114.29,7875.73,2238.55
2023-01-18,ES,Online,Serviços,Distribuidor,Produto_29,3,1580.56,1288.51,292.05
2023-01-18,PR,Online,Serviços,Corporativo,Produto_42,9,20942.13,17711.63,3230.51
2023-01-19,PR,Loja Física,Móveis,Distribuidor,Produto_94,5,4062.27,2293.25,1769.01
2023-01-19,ES,Loja Física,Serviços,Varejo,Produto_117,4,9362.14,6440.57,2921.56
2023-01-20,SP,Online,Informática,Varejo,Produto_19,11,22131.11,12341.57,9789.54
2023-01-20,BA,Representante,Informática,Varejo,Produto_104,10,22441.79,13821.75,8620.04
2023-01-20,SP,Online,Acessórios,Corporativo,Produto_37,6,13006.87,8766.2,4240.67
2023-01-20,MG,Online,Eletrônicos,Corporativo,Produto_64,2,2214.01,1659.65,554.36
2023-01-20,RJ,Representante,Eletrônicos,Corporativo,Produto_107,6,8435.88,5342.1,3093.79
2023-01-21,RJ,Marketplace,Serviços,Distribuidor,Produto_116,2,4922.46,3208.21,1714.25
2023-01-22,RJ,Online,Informática,Varejo,Produto_68,11,16573.13,11000.2,5572.93
2023-01-22,RJ,Marketplace,Informática,Varejo,Produto_40,6,4181.2,3312.16,869.04
2023-01-22,BA,Loja Física,Acessórios,Varejo,Produto_97,7,4842.09,3849.68,992.4
2023-01-22,SC,Loja Física,Eletrônicos,Distribuidor,Produto_9,9,8046.53,6012.71,2033.83
2023-01-22,RS,Online,Móveis,Varejo,Produto_19,9,1386.66,986.6,400.05
2023-01-23,RS,Marketplace,Serviços,Varejo,Produto_105,3,7165.28,3988.5,3176.79
2023-01-23,BA,Representante,Informática,Corporativo,Produto_8,3,398.59,231.98,166.61
2023-01-23,MG,Loja Física,Eletrônicos,Corporativo,Produto_25,10,5251.17,4283.98,967.19
2023-01-23,RS,Marketplace,Móveis,Corporativo,Produto_86,13,7744.55,5565.57,2178.98
2023-01-24,RJ,Representante,Informática,Distribuidor,Produto_31,2,3976.25,2232.78,1743.47
2023-01-24,MG,Marketplace,Eletrônicos,Varejo,Produto_32,3,2840.0,2040.88,799.12
2023-01-24,RS,Representante,Serviços,Corporativo,Produto_10,4,727.85,410.27,317.57
2023-01-24,SC,Online,Informática,Distribuidor,Produto_96,11,12981.24,10642.11,2339.13
2023-01-25,RJ,Online,Informática,Corporativo,Produto_95,10,14260.97,10077.87,4183.1
2023-01-25,SP,Marketplace,Acessórios,Varejo,Produto_39,4,6217.15,4667.24,1549.92
2023-01-25,RJ,Loja Física,Eletrônicos,Distribuidor,Produto_108,1,1904.36,1460.66,443.7
2023-01-26,MG,Representante,Eletrônicos,Corporativo,Produto_60,9,1475.24,1054.71,420.53
2023-01-26,BA,Loja Física,Informática,Varejo,Produto_39,4,4583.46,3528.59,1054.87
2023-01-26,MG,Marketplace,Serviços,Varejo,Produto_10,9,18394.86,13791.26,4603.6
2023-01-27,SP,Marketplace,Informática,Varejo,Produto_98,7,12446.86,6931.29,5515.57
2023-01-27,BA,Marketplace,Serviços,Varejo,Produto_89,12,26869.78,21967.73,4902.05
2023-01-28,SP,Representante,Acessórios,Corporativo,Produto_59,10,8584.25,6396.1,2188.15
2023-01-29,SP,Online,Acessórios,Varejo,Produto_21,12,2491.12,1377.97,1113.15
2023-01-29,BA,Representante,Acessórios,Distribuidor,Produto_11,6,3187.55,2188.43,999.12
2023-01-31,RJ,Online,Eletrônicos,Corporativo,Produto_33,7,15500.08,12756.24,2743.84
2023-01-31,ES,Marketplace,Acessórios,Varejo,Produto_45,14,30595.22,25517.63,5077.59
2023-01-31,RS,Online,Serviços,Varejo,Produto_95,7,11201.29,8437.75,2763.54
2023-01-31,SP,Online,Informática,Corporativo,Produto_114,2,784.54,663.8,120.74
2023-01-31,RJ,Representante,Serviços,Corporativo,Produto_15,13,11449.51,7840.3,3609.22
2023-01-31,BA,Marketplace,Serviços,Corporativo,Produto_62,12,17641.94,13743.95,3897.99
2023-02-02,PR,Marketplace,Eletrônicos,Varejo,Produto_101,5,5460.35,3471.55,1988.79
2023-02-02,PR,Marketplace,Acessórios,Distribuidor,Produto_90,7,9041.33,5829.99,3211.34
2023-02-02,SC,Representante,Móveis,Corporativo,Produto_39,10,18295.75,15112.1,3183.64
2023-02-03,SC,Online,Informática,Corporativo,Produto_79,5,12468.33,8367.61,4100.72
2023-02-03,MG,Marketplace,Informática,Distribuidor,Produto_84,10,990.84,637.5,353.34
2023-02-03,MG,Representante,Serviços,Corporativo,Produto_73,6,7531.17,5160.36,2370.81
2023-02-03,ES,Representante,Serviços,Distribuidor,Produto_8,4,9706.63,6042.82,3663.81
2023-02-03,BA,Loja Física,Eletrônicos,Varejo,Produto_104,12,19816.88,14471.33,5345.55
2023-02-04,PR,Online,Móveis,Corporativo,Produto_72,12,3760.46,2915.51,844.95
2023-02-04,PR,Online,Acessórios,Distribuidor,Produto_116,9,19105.76,11011.16,8094.6
2023-02-04,RJ,Marketplace,Acessórios,Varejo,Produto_117,1,2310.56,1552.26,758.3
2023-02-05,SC,Loja Física,Acessórios,Distribuidor,Produto_64,8,18783.05,12295.47,6487.58
2023-02-05,RJ,Loja Física,Informática,Corporativo,Produto_18,8,18887.39,14126.23,4761.16
2023-02-05,ES,Loja Física,Eletrônicos,Varejo,Produto_64,6,5099.15,3035.69,2063.46
2023-02-05,BA,Loja Física,Acessórios,Varejo,Produto_65,6,9745.92,7271.59,2474.33
2023-02-06,MG,Representante,Informática,Distribuidor,Produto_69,10,11055.03,8905.4,2149.63
2023-02-06,ES,Representante,Acessórios,Varejo,Produto_13,14,23153.88,14796.89,8356.99
2023-02-06,PR,Marketplace,Eletrônicos,Corporativo,Produto_62,10,23532.99,19316.4,4216.59
2023-02-07,RJ,Marketplace,Móveis,Distribuidor,Produto_107,13,5554.52,3879.46,1675.06
2023-02-07,RS,Loja Física,Informática,Distribuidor,Produto_27,8,11262.2,8704.06,2558.14
2023-02-07,ES,Marketplace,Móveis,Varejo,Produto_65,1,446.95,265.16,181.8
2023-02-07,MG,Representante,Acessórios,Corporativo,Produto_62,9,10233.92,7635.21,2598.71
2023-02-07,BA,Marketplace,Móveis,Distribuidor,Produto_21,7,13427.48,7803.04,5624.44
2023-02-08,SP,Loja Física,Serviços,Corporativo,Produto_81,9,13321.3,9097.08,4224.22
2023-02-08,RJ,Loja Física,Acessórios,Varejo,Produto_100,2,3447.09,2680.19,766.9
2023-02-09,SP,Marketplace,Eletrônicos,Varejo,Produto_68,3,5489.57,3650.59,1838.97
2023-02-09,SC,Online,Móveis,Distribuidor,Produto_85,13,22447.68,13193.66,9254.02
2023-02-09,ES,Loja Física,Acessórios,Corporativo,Produto_35,5,3685.64,2429.82,1255.82
2023-02-09,RJ,Marketplace,Eletrônicos,Varejo,Produto_29,8,12184.23,7552.5,4631.72
2023-02-09,RJ,Loja Física,Acessórios,Corporativo,Produto_104,4,2292.27,1514.98,777.3
2023-02-10,RJ,Representante,Eletrônicos,Distribuidor,Produto_52,13,23333.31,16825.64,6507.67
2023-02-10,ES,Representante,Acessórios,Distribuidor,Produto_32,14,5102.77,4177.75,925.01
2023-02-10,RS,Online,Eletrônicos,Varejo,Produto_64,5,10210.69,6698.41,3512.28
2023-02-10,SC,Online,Informática,Varejo,Produto_88,8,19526.7,14237.49,5289.21
2023-02-10,RS,Loja Física,Eletrônicos,Corporativo,Produto_60,2,289.46,180.56,108.9
2023-02-10,RS,Online,Acessórios,Varejo,Produto_28,10,12799.31,10054.79,2744.52
2023-02-10,BA,Loja Física,Acessórios,Distribuidor,Produto_82,9,20661.61,17544.85,3116.76
2023-02-11,ES,Online,Móveis,Corporativo,Produto_51,5,12162.94,8100.89,4062.04
2023-02-11,SP,Representante,Serviços,Distribuidor,Produto_110,4,778.23,611.73,166.5
2023-02-12,RJ,Online,Acessórios,Varejo,Produto_113,5,2993.25,2538.59,454.65
2023-02-12,ES,Online,Informática,Corporativo,Produto_1,4,1169.26,897.96,271.31
2023-02-12,MG,Marketplace,Serviços,Corporativo,Produto_53,5,2554.8,1746.78,808.02
2023-02-13,PR,Marketplace,Serviços,Distribuidor,Produto_37,13,23200.16,14597.31,8602.85
2023-02-13,RJ,Online,Informática,Corporativo,Produto_37,7,2998.22,1953.13,1045.08
2023-02-13,RJ,Loja Física,Acessórios,Varejo,Produto_53,2,2982.74,2054.12,928.62
2023-02-14,ES,Online,Informática,Varejo,Produto_15,9,21982.78,17159.29,4823.48
2023-02-14,MG,Loja Física,Serviços,Distribuidor,Produto_104,1,337.32,248.8,88.52
2023-02-14,BA,Marketplace,Móveis,Varejo,Produto_68,4,7600.84,4470.1,3130.74
2023-02-14,SC,Representante,Acessórios,Corporativo,Produto_81,4,5627.01,3283.66,2343.35
2023-02-15,RJ,Loja Física,Móveis,Distribuidor,Produto_54,2,1533.12,1113.69,419.44
2023-02-15,RS,Loja Física,Móveis,Corporativo,Produto_75,5,5708.85,3593.26,2115.59
2023-02-16,RJ,Marketplace,Eletrônicos,Corporativo,Produto_66,11,9216.8,7703.62,1513.19
2023-02-16,MG,Marketplace,Serviços,Distribuidor,Produto_52,8,2231.7,1267.36,964.33
2023-02-16,ES,Marketplace,Informática,Corporativo,Produto_41,9,9660.33,7139.81,2520.52
2023-02-16,SC,Representante,Eletrônicos,Corporativo,Produto_36,11,25259.78,14105.83,11153.95
2023-02-16,RJ,Marketplace,Informática,Varejo,Produto_14,3,1561.99,1147.3,414.69
2023-02-16,ES,Marketplace,Móveis,Varejo,Produto_62,14,22632.27,17328.26,5304.0
2023-02-17,RS,Loja Física,Informática,Corporativo,Produto_89,7,8868.02,6408.9,2459.11
2023-02-17,BA,Online,Serviços,Varejo,Produto_34,6,12873.03,8522.68,4350.36
2023-02-17,MG,Marketplace,Móveis,Varejo,Produto_86,11,9759.08,6453.54,3305.53
2023-02-17,SP,Representante,Acessórios,Varejo,Produto_46,7,3582.57,2874.5,708.07
2023-02-17,RS,Online,Acessórios,Distribuidor,Produto_15,1,1838.29,1458.63,379.67
2023-02-17,SC,Representante,Serviços,Distribuidor,Produto_42,6,12059.88,10078.09,1981.79
2023-02-17,SC,Online,Eletrônicos,Varejo,Produto_76,13,14950.01,8330.32,6619.69
2023-02-17,RJ,Loja Física,Eletrônicos,Varejo,Produto_91,13,13623.51,8553.05,5070.46
2023-02-17,ES,Online,Acessórios,Corporativo,Produto_104,14,4911.69,2870.46,2041.23
2023-02-18,RS,Representante,Acessórios,Varejo,Produto_54,12,1750.27,1393.17,357.1
2023-02-18,RJ,Representante,Serviços,Varejo,Produto_66,7,11204.79,7932.62,3272.17
2023-02-19,RJ,Online,Móveis,Distribuidor,Produto_32,5,1818.68,1090.96,727.72
2023-02-20,RJ,Loja Física,Informática,Distribuidor,Produto_39,9,8788.24,6346.14,2442.11
2023-02-20,BA,Marketplace,Móveis,Varejo,Produto_59,14,32803.88,21362.69,11441.19
2023-02-20,PR,Marketplace,Móveis,Distribuidor,Produto_62,14,19332.14,14724.92,4607.21
2023-02-21,RS,Representante,Móveis,Distribuidor,Produto_67,12,16452.46,11717.2,4735.26
2023-02-21,SC,Loja Física,Informática,Varejo,Produto_38,1,1204.7,737.28,467.42
2023-02-21,PR,Marketplace,Serviços,Corporativo,Produto_61,6,12626.46,8778.88,3847.59
2023-02-22,SP,Loja Física,Serviços,Varejo,Produto_17,7,4533.44,2634.08,1899.36
2023-02-23,MG,Marketplace,Informática,Varejo,Produto_7,11,7353.32,4406.09,2947.24
2023-02-23,RJ,Online,Eletrônicos,Distribuidor,Produto_9,13,13872.35,10498.35,3374.0
2023-02-23,BA,Loja Física,Informática,Corporativo,Produto_96,1,139.88,114.3,25.57
2023-02-23,SC,Representante,Eletrônicos,Varejo,Produto_18,10,4639.82,3919.34,720.48
2023-02-24,ES,Representante,Eletrônicos,Distribuidor,Produto_2,7,13602.56,11319.7,2282.86
2023-02-24,BA,Marketplace,Móveis,Distribuidor,Produto_36,9,8744.1,5808.57,2935.54
2023-02-24,ES,Representante,Eletrônicos,Distribuidor,Produto_58,8,768.17,571.16,197.01
2023-02-24,SC,Online,Serviços,Corporativo,Produto_106,13,13492.89,10536.48,2956.41
2023-02-24,RJ,Marketplace,Móveis,Corporativo,Produto_107,8,15226.33,10949.76,4276.57
2023-02-25,BA,Online,Acessórios,Varejo,Produto_113,2,1192.57,888.67,303.91
2023-02-25,ES,Online,Informática,Corporativo,Produto_62,13,4766.54,3150.58,1615.96
2023-02-25,PR,Representante,Informática,Varejo,Produto_74,13,26803.38,16191.61,10611.76
2023-02-25,PR,Loja Física,Informática,Distribuidor,Produto_62,4,9221.43,6788.27,2433.16
2023-02-26,RJ,Marketplace,Serviços,Corporativo,Produto_3,3,6428.52,4022.24,2406.28
2023-02-26,SC,Online,Informática,Distribuidor,Produto_47,2,1455.93,1175.64,280.29
2023-02-26,RJ,Online,Eletrônicos,Corporativo,Produto_94,11,13865.48,8813.63,5051.84
2023-02-26,SP,Representante,Eletrônicos,Varejo,Produto_106,7,1935.02,1228.59,706.43
2023-02-26,BA,Online,Eletrônicos,Corporativo,Produto_84,9,16631.84,10096.41,6535.42
2023-02-26,SC,Online,Informática,Corporativo,Produto_29,7,15725.14,9371.31,6353.83
2023-02-27,SC,Marketplace,Serviços,Distribuidor,Produto_86,8,5793.41,4812.95,980.46
2023-02-27,PR,Marketplace,Informática,Corporativo,Produto_112,10,16723.24,10031.98,6691.26
2023-02-27,MG,Representante,Acessórios,Distribuidor,Produto_45,1,1132.81,720.89,411.92
2023-02-27,SC,Loja Física,Eletrônicos,Distribuidor,Produto_34,5,8166.59,5933.98,2232.61
2023-02-28,SC,Representante,Eletrônicos,Corporativo,Produto_104,2,2607.85,1744.5,863.35
2023-02-28,SP,Online,Informática,Distribuidor,Produto_24,11,7074.29,3972.43,3101.86
2023-02-28,SC,Loja Física,Informática,Varejo,Produto_87,13,3852.74,2881.52,971.22
2023-03-01,MG,Loja Física,Móveis,Corporativo,Produto_106,5,7260.28,4136.78,3123.5
2023-03-01,BA,Marketplace,Serviços,Distribuidor,Produto_93,2,3924.15,2567.2,1356.96
2023-03-01,BA,Marketplace,Eletrônicos,Corporativo,Produto_66,13,25714.7,19258.15,6456.55
2023-03-01,MG,Representante,Móveis,Corporativo,Produto_41,3,5198.55,3835.17,1363.38
2023-03-01,BA,Representante,Serviços,Distribuidor,Produto_103,2,4005.68,2900.63,1105.05
2023-03-02,SC,Representante,Serviços,Distribuidor,Produto_102,12,8038.19,4578.87,3459.32
2023-03-02,BA,Online,Serviços,Varejo,Produto_23,10,9341.23,7247.89,2093.34
2023-03-03,RS,Representante,Informática,Varejo,Produto_40,13,21300.68,14811.68,6489.01
2023-03-03,BA,Representante,Eletrônicos,Varejo,Produto_9,7,10867.09,7995.4,2871.68
2023-03-03,RS,Representante,Móveis,Varejo,Produto_39,11,26183.39,15217.75,10965.64
2023-03-03,ES,Loja Física,Eletrônicos,Distribuidor,Produto_24,12,24987.03,16184.8,8802.23
2023-03-04,BA,Marketplace,Eletrônicos,Varejo,Produto_109,14,20505.14,16188.0,4317.14
2023-03-04,SC,Representante,Acessórios,Distribuidor,Produto_14,5,6929.18,4689.91,2239.27
2023-03-05,RS,Loja Física,Móveis,Distribuidor,Produto_101,1,1766.73,1485.78,280.94
2023-03-05,BA,Online,Informática,Varejo,Produto_40,5,4933.5,3517.5,1416.0
2023-03-05,SC,Representante,Acessórios,Corporativo,Produto_101,12,29335.23,21147.72,8187.52
2023-03-05,PR,Marketplace,Acessórios,Distribuidor,Produto_103,7,3846.51,2448.32,1398.2
2023-03-06,MG,Loja Física,Serviços,Varejo,Produto_102,14,19598.93,13293.72,6305.21
2023-03-06,SP,Representante,Informática,Distribuidor,Produto_81,10,18019.98,10691.75,7328.24
2023-03-06,RJ,Marketplace,Informática,Distribuidor,Produto_75,12,12483.33,8567.96,3915.37
2023-03-07,SP,Representante,Acessórios,Corporativo,Produto_1,3,4632.72,3307.42,1325.3
2023-03-08,PR,Representante,Acessórios,Distribuidor,Produto_99,4,7135.49,4447.78,2687.71
2023-03-08,MG,Marketplace,Móveis,Varejo,Produto_92,5,3764.57,2908.94,855.63
2023-03-08,RJ,Representante,Serviços,Corporativo,Produto_8,3,2971.95,2431.99,539.96
2023-03-08,RJ,Loja Física,Serviços,Corporativo,Produto_93,2,2081.22,1538.75,542.47
2023-03-09,SC,Loja Física,Móveis,Varejo,Produto_108,9,18274.83,12945.04,5329.8
2023-03-09,RJ,Online,Eletrônicos,Corporativo,Produto_86,9,9078.97,6423.61,2655.36
2023-03-10,SP,Marketplace,Acessórios,Distribuidor,Produto_90,12,8012.98,6634.43,1378.56
2023-03-10,MG,Online,Móveis,Varejo,Produto_87,4,6068.57,3570.78,2497.8
2023-03-10,PR,Online,Acessórios,Varejo,Produto_67,2,4392.56,3382.97,1009.6
2023-03-10,ES,Online,Informática,Corporativo,Produto_112,4,1562.78,880.32,682.46
2023-03-11,BA,Online,Móveis,Varejo,Produto_110,13,28897.98,18814.73,10083.25
2023-03-11,SC,Online,Eletrônicos,Distribuidor,Produto_17,12,28203.43,20861.99,7341.44
2023-03-11,RJ,Loja Física,Serviços,Corporativo,Produto_62,10,2085.16,1413.3,671.85
2023-03-12,SP,Marketplace,Acessórios,Distribuidor,Produto_22,13,4507.93,3054.96,1452.97
2023-03-12,MG,Online,Serviços,Corporativo,Produto_43,12,11226.66,8512.01,2714.65
2023-03-12,RS,Marketplace,Informática,Distribuidor,Produto_25,2,4339.43,3262.05,1077.39
2023-03-12,ES,Loja Física,Eletrônicos,Corporativo,Produto_18,10,12473.3,8792.41,3680.89
2023-03-13,RS,Marketplace,Acessórios,Corporativo,Produto_34,3,3701.88,2268.78,1433.09
2023-03-13,SP,Online,Móveis,Varejo,Produto_8,7,5600.45,4344.16,1256.29
2023-03-13,PR,Loja Física,Informática,Distribuidor,Produto_65,14,31439.58,20579.08,10860.5
2023-03-13,RS,Marketplace,Acessórios,Varejo,Produto_59,14,33895.55,27914.3,5981.25
2023-03-14,RS,Online,Móveis,Varejo,Produto_33,14,25757.25,16412.52,9344.73
2023-03-15,ES,Loja Física,Móveis,Distribuidor,Produto_25,6,3692.3,2363.01,1329.29
2023-03-15,MG,Representante,Informática,Distribuidor,Produto_71,4,7693.69,4279.42,3414.27
2023-03-15,MG,Loja Física,Acessórios,Varejo,Produto_61,13,21292.49,12188.57,9103.92
2023-03-15,PR,Representante,Eletrônicos,Distribuidor,Produto_43,5,5685.79,3411.06,2274.74
2023-03-16,RJ,Representante,Móveis,Corporativo,Produto_22,4,1627.69,1070.62,557.07
2023-03-16,PR,Representante,Serviços,Varejo,Produto_76,10,13396.77,7609.71,5787.06
2023-03-16,RJ,Representante,Móveis,Distribuidor,Produto_60,6,10854.3,6470.28,4384.02
2023-03-17,PR,Representante,Eletrônicos,Distribuidor,Produto_46,12,3185.82,2327.61,858.21
2023-03-17,SC,Loja Física,Móveis,Varejo,Produto_3,14,2798.19,2074.79,723.4
2023-03-18,BA,Marketplace,Eletrônicos,Corporativo,Produto_109,2,4066.98,2379.39,1687.59
2023-03-18,RS,Online,Serviços,Varejo,Produto_99,4,9711.41,5625.93,4085.48
2023-03-18,SC,Online,Acessórios,Varejo,Produto_18,9,10233.1,5918.21,4314.89
2023-03-18,SP,Online,Serviços,Corporativo,Produto_119,1,2103.82,1354.01,749.82
2023-03-19,RS,Marketplace,Serviços,Distribuidor,Produto_1,5,5222.12,3838.36,1383.76
2023-03-19,RS,Loja Física,Móveis,Varejo,Produto_115,14,4571.42,2537.8,2033.62
2023-03-19,SC,Loja Física,Eletrônicos,Distribuidor,Produto_8,9,15770.1,11635.54,4134.55
2023-03-19,RS,Representante,Eletrônicos,Varejo,Produto_72,5,6944.69,5223.41,1721.28
2023-03-19,MG,Representante,Eletrônicos,Varejo,Produto_6,1,579.16,486.9,92.27
2023-03-20,BA,Representante,Informática,Varejo,Produto_49,8,16227.05,10962.98,5264.06
2023-03-20,RJ,Representante,Serviços,Varejo,Produto_40,4,1480.12,868.81,611.31
2023-03-20,SC,Representante,Acessórios,Varejo,Produto_51,8,11890.28,7262.66,4627.62
2023-03-20,BA,Online,Serviços,Distribuidor,Produto_4,5,1539.21,920.28,618.93
2023-03-20,SP,Loja Física,Móveis,Varejo,Produto_25,9,7914.7,4867.13,3047.57
2023-03-21,BA,Online,Informática,Corporativo,Produto_60,2,1027.49,568.58,458.91
2023-03-21,MG,Loja Física,Serviços,Distribuidor,Produto_66,9,11000.72,9265.39,1735.34
2023-03-22,BA,Loja Física,Eletrônicos,Distribuidor,Produto_93,7,16922.36,9925.84,6996.52
2023-03-22,MG,Representante,Serviços,Varejo,Produto_15,10,10557.66,7130.14,3427.52
2023-03-22,SP,Representante,Informática,Corporativo,Produto_7,3,3195.62,2091.9,1103.72
2023-03-22,RJ,Marketplace,Móveis,Corporativo,Produto_20,14,2670.03,1757.66,912.37
2023-03-22,ES,Online,Eletrônicos,Distribuidor,Produto_116,13,7595.75,5141.68,2454.07
2023-03-23,MG,Online,Móveis,Distribuidor,Produto_32,8,11654.88,6844.37,4810.51
2023-03-23,PR,Marketplace,Serviços,Varejo,Produto_119,11,18636.48,10980.17,7656.32
2023-03-24,SC,Representante,Móveis,Distribuidor,Produto_18,13,4307.3,2516.63,1790.68
2023-03-24,SC,Online,Móveis,Varejo,Produto_14,8,16994.44,9560.82,7433.62
2023-03-24,MG,Representante,Informática,Corporativo,Produto_94,13,2381.56,1910.37,471.2
2023-03-24,SP,Representante,Informática,Varejo,Produto_35,7,12440.24,9211.83,3228.42
2023-03-24,SC,Representante,Serviços,Corporativo,Produto_69,5,3474.46,2113.55,1360.91
2023-03-25,SP,Online,Eletrônicos,Varejo,Produto_75,13,1573.03,1271.24,301.79
2023-03-25,SC,Loja Física,Acessórios,Corporativo,Produto_69,4,8853.16,7278.84,1574.32
2023-03-26,ES,Representante,Serviços,Corporativo,Produto_32,3,2919.03,2013.19,905.84
2023-03-26,RS,Marketplace,Acessórios,Varejo,Produto_108,1,1446.75,1077.33,369.42
2023-03-26,SC,Representante,Informática,Distribuidor,Produto_26,9,15211.81,10794.67,4417.14
2023-03-27,BA,Representante,Serviços,Varejo,Produto_27,2,1983.07,1219.88,763.19
2023-03-27,BA,Representante,Informática,Distribuidor,Produto_3,3,3539.39,2888.1,651.29
2023-03-27,RJ,Loja Física,Serviços,Varejo,Produto_60,6,3484.26,2159.59,1324.67
2023-03-29,RS,Loja Física,Informática,Distribuidor,Produto_70,9,14714.77,10435.08,4279.69
2023-03-29,BA,Loja Física,Eletrônicos,Corporativo,Produto_14,3,5573.64,3871.04,1702.6
2023-03-29,MG,Representante,Móveis,Distribuidor,Produto_73,13,14663.16,9643.68,5019.49
2023-03-29,RJ,Online,Móveis,Corporativo,Produto_81,6,10265.29,6426.49,3838.8
2023-03-29,RJ,Marketplace,Eletrônicos,Corporativo,Produto_47,12,4207.69,3433.61,774.08
2023-03-30,PR,Representante,Informática,Distribuidor,Produto_8,13,16527.69,10134.34,6393.35
2023-03-30,SP,Loja Física,Serviços,Varejo,Produto_101,4,9331.89,7649.42,1682.47
2023-03-30,RJ,Loja Física,Eletrônicos,Distribuidor,Produto_27,2,3830.8,2601.35,1229.46
2023-03-30,ES,Online,Móveis,Varejo,Produto_93,2,1546.88,865.91,680.97
2023-03-31,BA,Online,Serviços,Corporativo,Produto_99,14,2926.88,2450.17,476.71
2023-03-31,BA,Loja Física,Móveis,Corporativo,Produto_29,13,25874.08,15452.04,10422.05
2023-03-31,SC,Marketplace,Acessórios,Distribuidor,Produto_92,5,11157.39,7447.44,3709.95
2023-03-31,SP,Online,Serviços,Corporativo,Produto_89,10,2565.16,1704.29,860.86
2023-04-01,PR,Marketplace,Móveis,Varejo,Produto_99,10,17539.86,14694.87,2844.99
2023-04-01,MG,Loja Física,Móveis,Corporativo,Produto_50,9,1269.84,1008.62,261.22
2023-04-01,PR,Marketplace,Acessórios,Corporativo,Produto_84,9,19923.08,11914.46,8008.63
2023-04-02,RJ,Marketplace,Eletrônicos,Distribuidor,Produto_68,3,5146.09,4149.08,997.01
2023-04-02,PR,Marketplace,Serviços,Corporativo,Produto_40,3,1470.74,911.99,558.76
2023-04-02,RJ,Representante,Informática,Distribuidor,Produto_98,4,4302.35,3541.96,760.39
2023-04-02,ES,Loja Física,Informática,Varejo,Produto_35,12,29193.81,21957.31,7236.5
2023-04-03,ES,Loja Física,Informática,Distribuidor,Produto_44,3,5429.31,4560.31,869.0
2023-04-05,MG,Loja Física,Serviços,Distribuidor,Produto_117,6,10163.1,6043.29,4119.8
2023-04-06,SC,Online,Acessórios,Distribuidor,Produto_109,5,12146.89,7235.11,4911.78
2023-04-06,MG,Representante,Informática,Distribuidor,Produto_55,9,21993.7,12851.79,9141.92
2023-04-07,PR,Representante,Eletrônicos,Distribuidor,Produto_53,14,14226.0,9059.31,5166.69
2023-04-07,ES,Loja Física,Serviços,Corporativo,Produto_2,4,689.83,416.19,273.64
2023-04-07,SC,Loja Física,Informática,Corporativo,Produto_75,12,17404.71,13890.67,3514.04
2023-04-08,RS,Online,Informática,Corporativo,Produto_86,8,13288.84,9535.29,3753.55
2023-04-08,MG,Loja Física,Eletrônicos,Distribuidor,Produto_29,13,9073.44,6908.84,2164.59
2023-04-09,BA,Marketplace,Eletrônicos,Varejo,Produto_39,3,3318.3,2372.14,946.16
2023-04-09,RS,Online,Móveis,Varejo,Produto_51,1,856.04,474.04,382.0
2023-04-09,ES,Loja Física,Eletrônicos,Distribuidor,Produto_117,12,16942.61,10148.06,6794.55
2023-04-10,BA,Marketplace,Eletrônicos,Distribuidor,Produto_24,1,813.55,614.23,199.31
2023-04-10,SP,Representante,Acessórios,Distribuidor,Produto_40,9,15485.3,9462.77,6022.53
2023-04-10,ES,Online,Eletrônicos,Varejo,Produto_103,12,28054.25,17576.96,10477.29
2023-04-10,RS,Loja Física,Serviços,Distribuidor,Produto_114,11,9308.53,7666.67,1641.86
2023-04-10,SC,Marketplace,Acessórios,Varejo,Produto_71,7,7860.51,4618.08,3242.43
2023-04-10,RS,Representante,Móveis,Corporativo,Produto_25,7,14885.89,10201.05,4684.84
2023-04-10,BA,Marketplace,Informática,Corporativo,Produto_49,3,1686.77,1374.17,312.61
2023-04-11,BA,Representante,Acessórios,Distribuidor,Produto_101,1,1423.74,1203.14,220.6
2023-04-11,BA,Loja Física,Serviços,Varejo,Produto_5,10,2090.03,1194.83,895.2
2023-04-12,SC,Online,Acessórios,Varejo,Produto_116,5,2932.51,1896.55,1035.96
2023-04-12,SC,Loja Física,Móveis,Distribuidor,Produto_36,10,10886.46,7509.86,3376.61
2023-04-12,PR,Marketplace,Serviços,Distribuidor,Produto_116,2,4163.06,2409.33,1753.72
2023-04-13,ES,Loja Física,Eletrônicos,Distribuidor,Produto_56,4,2147.62,1733.32,414.3
2023-04-13,BA,Loja Física,Serviços,Corporativo,Produto_112,11,2391.97,1955.34,436.63
2023-04-14,MG,Online,Acessórios,Corporativo,Produto_17,2,3367.65,2662.42,705.22
2023-04-14,SC,Representante,Informática,Varejo,Produto_119,14,25357.04,16344.21,9012.83
2023-04-14,SP,Marketplace,Acessórios,Distribuidor,Produto_40,4,6972.52,5872.88,1099.64
2023-04-15,MG,Loja Física,Acessórios,Corporativo,Produto_51,8,15745.97,12017.43,3728.55
2023-04-15,ES,Representante,Eletrônicos,Varejo,Produto_51,2,1971.04,1195.34,775.7
2023-04-15,SP,Online,Móveis,Distribuidor,Produto_14,5,10296.88,5966.09,4330.8
2023-04-15,SP,Representante,Acessórios,Varejo,Produto_19,6,8066.78,4536.69,3530.08
2023-04-16,SC,Marketplace,Serviços,Corporativo,Produto_3,14,13788.05,11531.04,2257.01
2023-04-16,BA,Loja Física,Serviços,Varejo,Produto_56,6,9176.56,5893.5,3283.05
2023-04-16,SC,Marketplace,Acessórios,Corporativo,Produto_2,13,19082.17,15241.14,3841.03
2023-04-16,BA,Online,Serviços,Corporativo,Produto_62,7,1238.09,901.46,336.62
2023-04-16,MG,Loja Física,Eletrônicos,Varejo,Produto_83,14,32964.14,19827.5,13136.64
2023-04-17,MG,Representante,Móveis,Varejo,Produto_48,9,6462.53,3998.37,2464.16
2023-04-17,PR,Representante,Acessórios,Corporativo,Produto_37,7,12136.79,9571.85,2564.95
2023-04-17,PR,Online,Eletrônicos,Distribuidor,Produto_56,13,3384.08,1995.94,1388.13
2023-04-17,ES,Online,Eletrônicos,Corporativo,Produto_78,12,1032.88,752.88,280.01
2023-04-17,MG,Representante,Acessórios,Distribuidor,Produto_5,3,5472.94,4429.51,1043.43
2023-04-17,RJ,Marketplace,Informática,Corporativo,Produto_55,11,12520.45,7163.11,5357.34
2023-04-17,MG,Online,Acessórios,Distribuidor,Produto_88,9,2702.9,1649.94,1052.96
2023-04-18,BA,Loja Física,Móveis,Distribuidor,Produto_89,10,1933.28,1424.22,509.06
2023-04-18,RJ,Marketplace,Móveis,Distribuidor,Produto_108,10,14515.85,11856.78,2659.07
2023-04-18,RS,Marketplace,Eletrônicos,Varejo,Produto_98,6,5771.15,4282.42,1488.73
2023-04-18,SC,Loja Física,Eletrônicos,Corporativo,Produto_23,9,7468.85,5960.72,1508.13
2023-04-19,PR,Marketplace,Eletrônicos,Distribuidor,Produto_13,6,7348.37,5196.42,2151.95
2023-04-19,MG,Loja Física,Eletrônicos,Corporativo,Produto_41,13,2739.07,2283.72,455.35
2023-04-19,SC,Loja Física,Móveis,Distribuidor,Produto_75,4,3611.09,2918.33,692.76
2023-04-20,SP,Marketplace,Móveis,Corporativo,Produto_118,14,7756.36,4790.84,2965.52
2023-04-20,MG,Loja Física,Serviços,Corporativo,Produto_89,5,3581.57,2762.73,818.84
2023-04-20,PR,Loja Física,Eletrônicos,Distribuidor,Produto_59,5,6075.82,4779.44,1296.38
2023-04-20,RS,Representante,Móveis,Distribuidor,Produto_29,9,763.73,534.44,229.29
2023-04-21,RJ,Loja Física,Eletrônicos,Varejo,Produto_90,8,5450.06,3708.68,1741.38
2023-04-22,RJ,Marketplace,Eletrônicos,Varejo,Produto_60,8,6295.8,3940.62,2355.18
2023-04-22,BA,Loja Física,Informática,Distribuidor,Produto_72,12,16507.4,10470.33,6037.06
2023-04-22,MG,Representante,Móveis,Varejo,Produto_50,4,6029.27,4977.3,1051.96
2023-04-22,SC,Marketplace,Acessórios,Corporativo,Produto_18,2,489.41,311.45,177.96
2023-04-22,RS,Representante,Móveis,Varejo,Produto_58,7,10674.09,6696.83,3977.26
2023-04-22,MG,Loja Física,Acessórios,Varejo,Produto_48,9,711.41,407.62,303.79
2023-04-23,ES,Loja Física,Eletrônicos,Varejo,Produto_86,7,5904.98,3724.29,2180.68
2023-04-23,BA,Representante,Acessórios,Distribuidor,Produto_84,10,22175.75,17717.91,4457.84
2023-04-23,SP,Loja Física,Acessórios,Distribuidor,Produto_34,2,3633.91,2091.2,1542.71
2023-04-24,MG,Representante,Acessórios,Corporativo,Produto_62,2,1453.07,1154.31,298.76
2023-04-24,PR,Representante,Serviços,Corporativo,Produto_98,14,3632.26,3019.85,612.41
2023-04-24,PR,Loja Física,Acessórios,Varejo,Produto_64,5,3649.95,2102.45,1547.49
2023-04-25,MG,Marketplace,Eletrônicos,Distribuidor,Produto_75,7,13957.52,11232.63,2724.89
2023-04-25,RS,Online,Eletrônicos,Distribuidor,Produto_9,8,10344.36,8698.86,1645.5
2023-04-25,RJ,Representante,Eletrônicos,Distribuidor,Produto_38,2,2917.06,2005.54,911.52
2023-04-25,SP,Representante,Serviços,Varejo,Produto_66,7,1602.96,1282.31,320.64
2023-04-26,PR,Loja Física,Acessórios,Distribuidor,Produto_103,9,6043.96,3577.12,2466.84
2023-04-26,ES,Marketplace,Eletrônicos,Distribuidor,Produto_100,1,295.7,195.65,100.05
2023-04-26,PR,Marketplace,Serviços,Varejo,Produto_4,9,19031.42,12771.81,6259.61
2023-04-26,MG,Loja Física,Acessórios,Varejo,Produto_66,6,5296.47,3098.57,2197.9
2023-04-26,SC,Loja Física,Móveis,Corporativo,Produto_111,6,12990.56,10281.98,2708.58
2023-04-27,SC,Marketplace,Móveis,Distribuidor,Produto_5,11,4731.56,3856.87,874.68
2023-04-27,SP,Marketplace,Serviços,Corporativo,Produto_49,12,28956.58,22618.89,6337.69
2023-04-27,SC,Online,Serviços,Distribuidor,Produto_33,10,7626.17,6331.58,1294.59
2023-04-27,MG,Loja Física,Acessórios,Corporativo,Produto_6,6,13593.69,10761.34,2832.35
2023-04-27,BA,Online,Eletrônicos,Varejo,Produto_95,9,17727.41,9963.86,7763.55
2023-04-28,MG,Online,Serviços,Distribuidor,Produto_29,11,15791.85,11224.03,4567.82
2023-04-28,BA,Marketplace,Serviços,Distribuidor,Produto_72,9,795.58,468.87,326.71
2023-04-28,MG,Marketplace,Serviços,Corporativo,Produto_74,10,16636.25,10994.59,5641.66
2023-04-29,SC,Representante,Móveis,Varejo,Produto_12,3,6508.85,5447.8,1061.05
2023-04-29,RS,Marketplace,Informática,Corporativo,Produto_80,10,2465.09,1885.87,579.21
2023-04-29,ES,Marketplace,Móveis,Corporativo,Produto_56,13,26233.8,21504.55,4729.25
2023-04-29,SP,Online,Acessórios,Distribuidor,Produto_89,10,20952.67,16052.14,4900.53
2023-04-29,RJ,Marketplace,Móveis,Distribuidor,Produto_64,11,23009.9,18437.62,4572.27
2023-04-29,ES,Marketplace,Eletrônicos,Corporativo,Produto_42,5,10884.82,6235.52,4649.3
2023-04-29,PR,Online,Eletrônicos,Corporativo,Produto_59,14,14210.24,8240.5,5969.74
2023-04-29,RJ,Online,Eletrônicos,Distribuidor,Produto_97,3,2676.25,1712.73,963.52
2023-05-01,BA,Online,Eletrônicos,Varejo,Produto_38,9,3230.86,2147.2,1083.66
2023-05-01,RJ,Online,Móveis,Corporativo,Produto_88,13,30348.4,21529.75,8818.65
2023-05-01,BA,Marketplace,Informática,Corporativo,Produto_112,7,16419.72,12689.77,3729.95
2023-05-03,PR,Marketplace,Acessórios,Distribuidor,Produto_21,6,11707.53,8523.62,3183.91
2023-05-03,ES,Marketplace,Móveis,Corporativo,Produto_95,1,230.98,187.15,43.83
2023-05-03,SC,Representante,Eletrônicos,Distribuidor,Produto_67,2,2910.56,1716.57,1194.0
2023-05-03,RS,Representante,Acessórios,Distribuidor,Produto_25,13,23674.84,17106.03,6568.82
2023-05-04,BA,Loja Física,Acessórios,Varejo,Produto_106,3,387.96,234.28,153.68
2023-05-04,ES,Loja Física,Acessórios,Distribuidor,Produto_72,11,19455.17,13063.55,6391.62
2023-05-04,BA,Marketplace,Informática,Distribuidor,Produto_82,10,7774.36,6282.35,1492.01
2023-05-04,BA,Online,Acessórios,Distribuidor,Produto_32,7,8277.68,6545.23,1732.45
2023-05-05,ES,Representante,Móveis,Varejo,Produto_81,5,3112.71,2277.58,835.13
2023-05-06,SC,Online,Serviços,Corporativo,Produto_72,13,26320.55,17785.25,8535.29
2023-05-06,RS,Loja Física,Eletrônicos,Distribuidor,Produto_32,10,2962.12,2060.1,902.02
2023-05-06,BA,Loja Física,Informática,Varejo,Produto_24,11,2182.17,1315.01,867.16
2023-05-07,MG,Loja Física,Eletrônicos,Corporativo,Produto_99,6,5110.72,3646.96,1463.76
2023-05-07,ES,Loja Física,Móveis,Varejo,Produto_118,11,7039.65,4096.93,2942.72
2023-05-08,ES,Online,Eletrônicos,Corporativo,Produto_68,9,1260.95,693.61,567.34
2023-05-08,ES,Marketplace,Informática,Corporativo,Produto_40,14,2397.34,1949.88,447.45
2023-05-09,MG,Online,Informática,Distribuidor,Produto_44,6,12096.04,7643.63,4452.41
2023-05-09,ES,Online,Serviços,Distribuidor,Produto_115,14,15702.25,11271.36,4430.88
2023-05-09,PR,Representante,Serviços,Distribuidor,Produto_17,1,1713.02,1329.91,383.1
2023-05-10,SC,Representante,Acessórios,Corporativo,Produto_3,7,2388.09,1666.52,721.57
2023-05-10,SP,Marketplace,Eletrônicos,Corporativo,Produto_35,8,17348.39,11596.66,5751.74
2023-05-10,PR,Loja Física,Eletrônicos,Distribuidor,Produto_70,2,1075.57,802.34,273.23
2023-05-10,PR,Loja Física,Móveis,Varejo,Produto_70,10,8784.52,5204.66,3579.86
2023-05-11,ES,Representante,Móveis,Corporativo,Produto_102,1,1856.42,1123.08,733.34
2023-05-11,RS,Online,Acessórios,Corporativo,Produto_15,14,23049.16,17936.72,5112.43
2023-05-11,RS,Representante,Acessórios,Varejo,Produto_84,10,18840.32,12425.65,6414.67
2023-05-12,PR,Loja Física,Eletrônicos,Distribuidor,Produto_23,8,17966.05,14865.01,3101.04
2023-05-12,SP,Online,Serviços,Distribuidor,Produto_84,3,608.83,461.04,147.79
2023-05-12,SP,Marketplace,Informática,Varejo,Produto_37,13,10186.3,6997.01,3189.28
2023-05-12,PR,Representante,Móveis,Distribuidor,Produto_73,13,14427.49,8926.4,5501.09
2023-05-12,BA,Online,Serviços,Varejo,Produto_93,10,3937.91,2670.69,1267.22
2023-05-13,ES,Representante,Serviços,Corporativo,Produto_3,10,14441.57,10091.49,4350.08
2023-05-13,SC,Online,Eletrônicos,Distribuidor,Produto_100,3,5211.09,4152.31,1058.77
2023-05-13,PR,Loja Física,Informática,Distribuidor,Produto_83,9,4326.61,3631.12,695.49
2023-05-13,BA,Online,Informática,Varejo,Produto_9,9,7360.76,4356.33,3004.43
2023-05-14,SP,Representante,Eletrônicos,Corporativo,Produto_117,1,1630.33,1231.99,398.33
2023-05-14,RS,Loja Física,Móveis,Varejo,Produto_60,7,13088.62,9614.87,3473.75
2023-05-15,SC,Online,Acessórios,Distribuidor,Produto_21,4,3932.67,3309.53,623.14
2023-05-15,PR,Representante,Eletrônicos,Corporativo,Produto_51,9,5440.01,3180.85,2259.16
2023-05-15,ES,Marketplace,Serviços,Distribuidor,Produto_87,14,3563.09,3016.43,546.66
2023-05-15,MG,Representante,Móveis,Varejo,Produto_69,3,4107.95,3089.71,1018.24
2023-05-15,ES,Representante,Serviços,Varejo,Produto_88,13,24571.87,13754.68,10817.19
2023-05-15,SP,Loja Física,Informática,Corporativo,Produto_100,10,19171.66,14970.86,4200.8
2023-05-16,SP,Representante,Eletrônicos,Varejo,Produto_70,1,946.0,675.44,270.56
2023-05-16,ES,Representante,Eletrônicos,Corporativo,Produto_119,6,14056.21,9597.18,4459.04
2023-05-17,RS,Marketplace,Serviços,Varejo,Produto_92,14,4732.08,2845.48,1886.59
2023-05-18,RS,Marketplace,Eletrônicos,Distribuidor,Produto_28,13,19387.6,13859.36,5528.24
2023-05-18,SC,Online,Acessórios,Distribuidor,Produto_61,10,20140.62,16176.15,3964.47
2023-05-19,SC,Loja Física,Serviços,Distribuidor,Produto_70,13,13237.94,10400.35,2837.59
2023-05-19,SP,Representante,Acessórios,Varejo,Produto_64,2,1380.31,1105.51,274.8
2023-05-19,RJ,Online,Móveis,Corporativo,Produto_29,2,2267.39,1259.52,1007.87
2023-05-19,RJ,Loja Física,Serviços,Varejo,Produto_89,8,2058.69,1303.69,755.0
2023-05-19,RJ,Marketplace,Informática,Varejo,Produto_23,1,2265.72,1897.86,367.86
2023-05-20,SC,Loja Física,Móveis,Varejo,Produto_21,7,8056.23,4773.41,3282.83
2023-05-21,PR,Online,Serviços,Corporativo,Produto_3,12,18185.35,12490.06,5695.28
2023-05-21,PR,Representante,Eletrônicos,Distribuidor,Produto_79,4,1060.14,764.51,295.64
2023-05-21,RJ,Marketplace,Acessórios,Corporativo,Produto_90,12,17868.33,9921.89,7946.44
2023-05-21,SP,Online,Móveis,Varejo,Produto_39,14,33562.39,24909.73,8652.66
2023-05-21,SC,Loja Física,Acessórios,Distribuidor,Produto_2,7,7384.31,6227.19,1157.12
2023-05-22,MG,Marketplace,Móveis,Corporativo,Produto_19,6,971.86,653.35,318.51
2023-05-22,RS,Online,Eletrônicos,Corporativo,Produto_63,6,2848.82,2409.07,439.75
2023-05-22,BA,Marketplace,Móveis,Varejo,Produto_22,6,9889.49,6094.0,3795.49
2023-05-23,RS,Loja Física,Acessórios,Corporativo,Produto_63,7,13918.78,9807.81,4110.98
2023-05-23,SC,Online,Móveis,Corporativo,Produto_2,4,9176.31,7265.95,1910.36
2023-05-23,BA,Online,Eletrônicos,Varejo,Produto_88,4,5776.86,4103.15,1673.7
2023-05-23,SP,Loja Física,Informática,Distribuidor,Produto_15,4,3093.42,2226.64,866.78
2023-05-23,PR,Loja Física,Serviços,Varejo,Produto_48,14,18136.31,14720.92,3415.38
2023-05-23,RJ,Marketplace,Acessórios,Distribuidor,Produto_110,13,28995.34,21963.14,7032.21
2023-05-23,MG,Representante,Acessórios,Varejo,Produto_95,5,11328.34,7798.98,3529.36
2023-05-24,ES,Marketplace,Eletrônicos,Varejo,Produto_115,8,15351.54,12643.84,2707.7
2023-05-24,MG,Representante,Acessórios,Varejo,Produto_38,7,10863.62,9084.93,1778.69
2023-05-25,SC,Representante,Móveis,Varejo,Produto_19,11,16161.27,12928.34,3232.93
2023-05-25,BA,Online,Acessórios,Varejo,Produto_104,3,4928.24,2871.98,2056.26
2023-05-25,RJ,Loja Física,Eletrônicos,Varejo,Produto_99,14,11875.97,7547.07,4328.9
2023-05-25,SP,Loja Física,Eletrônicos,Corporativo,Produto_11,11,27388.04,17437.82,9950.22
2023-05-25,SP,Loja Física,Serviços,Corporativo,Produto_75,10,14338.71,9353.45,4985.26
2023-05-25,MG,Online,Informática,Distribuidor,Produto_17,8,13760.84,10431.25,3329.59
2023-05-25,RJ,Representante,Acessórios,Distribuidor,Produto_26,2,2075.82,1571.9,503.92
2023-05-26,RS,Loja Física,Móveis,Corporativo,Produto_47,9,6235.25,3480.59,2754.66
2023-05-26,BA,Online,Informática,Corporativo,Produto_28,7,3893.4,2675.5,1217.9
2023-05-26,SP,Loja Física,Móveis,Varejo,Produto_43,4,7577.37,4512.36,3065.01
2023-05-26,SP,Online,Acessórios,Distribuidor,Produto_78,6,14636.82,8171.84,6464.98
2023-05-27,RS,Online,Eletrônicos,Distribuidor,Produto_63,5,1086.26,846.93,239.33
2023-05-27,PR,Online,Informática,Distribuidor,Produto_62,5,4627.86,3542.65,1085.21
2023-05-28,RS,Marketplace,Móveis,Distribuidor,Produto_48,3,5902.51,4161.0,1741.51
2023-05-28,PR,Marketplace,Eletrônicos,Corporativo,Produto_38,8,13180.82,11100.26,2080.57
2023-05-29,RJ,Marketplace,Informática,Varejo,Produto_61,4,9669.29,7122.64,2546.64
2023-05-29,ES,Representante,Acessórios,Varejo,Produto_55,14,25398.68,15372.66,10026.02
2023-05-29,SC,Online,Acessórios,Varejo,Produto_32,10,17576.33,14467.81,3108.52
2023-05-31,ES,Representante,Móveis,Corporativo,Produto_10,6,4789.53,3991.92,797.62
2023-05-31,SC,Loja Física,Informática,Distribuidor,Produto_91,11,5895.71,4974.1,921.6
2023-05-31,BA,Loja Física,Móveis,Varejo,Produto_61,4,4296.38,3612.35,684.03
2023-05-31,SP,Loja Física,Eletrônicos,Corporativo,Produto_37,12,5670.0,3808.9,1861.1
2023-05-31,SC,Marketplace,Eletrônicos,Distribuidor,Produto_62,6,3352.96,2513.81,839.14
2023-05-31,SP,Online,Serviços,Corporativo,Produto_88,12,18868.71,13472.65,5396.05
2023-06-01,ES,Online,Móveis,Corporativo,Produto_99,12,8550.3,5939.75,2610.55
2023-06-01,ES,Online,Móveis,Varejo,Produto_64,7,13423.19,7796.92,5626.27
2023-06-01,RS,Online,Eletrônicos,Distribuidor,Produto_115,11,17029.69,12138.18,4891.51
2023-06-01,SP,Representante,Acessórios,Distribuidor,Produto_40,8,2763.06,2261.02,502.05
2023-06-01,RS,Loja Física,Acessórios,Distribuidor,Produto_88,3,5776.78,3536.66,2240.12
2023-06-02,RS,Online,Serviços,Varejo,Produto_117,12,9625.81,5500.44,4125.36
2023-06-02,MG,Representante,Eletrônicos,Corporativo,Produto_83,14,5913.34,4043.41,1869.93
2023-06-02,SP,Loja Física,Informática,Corporativo,Produto_109,7,16278.99,12614.96,3664.03
2023-06-03,RS,Online,Eletrônicos,Corporativo,Produto_25,7,10016.02,8487.82,1528.2
2023-06-03,ES,Loja Física,Informática,Corporativo,Produto_75,5,7132.67,5395.51,1737.16
2023-06-03,SC,Loja Física,Móveis,Distribuidor,Produto_58,1,962.09,538.85,423.24
2023-06-03,ES,Representante,Informática,Corporativo,Produto_73,9,16694.73,11255.59,5439.14
2023-06-04,ES,Representante,Serviços,Distribuidor,Produto_117,2,682.47,445.04,237.43
2023-06-04,SP,Loja Física,Móveis,Varejo,Produto_46,10,3722.37,2202.26,1520.11
2023-06-04,RS,Online,Informática,Corporativo,Produto_38,13,17828.24,13571.68,4256.56
2023-06-05,SC,Loja Física,Acessórios,Distribuidor,Produto_89,11,25829.86,19931.16,5898.69
2023-06-05,SP,Marketplace,Informática,Corporativo,Produto_31,13,13860.24,9316.16,4544.09
2023-06-05,PR,Online,Eletrônicos,Varejo,Produto_45,8,10631.66,7179.96,3451.7
2023-06-05,RS,Loja Física,Serviços,Distribuidor,Produto_101,4,9011.62,6730.27,2281.35
2023-06-06,SC,Loja Física,Informática,Varejo,Produto_54,9,7050.6,5884.7,1165.89
2023-06-07,ES,Online,Serviços,Corporativo,Produto_93,6,13885.99,9332.72,4553.26
2023-06-07,MG,Marketplace,Informática,Corporativo,Produto_78,12,7149.88,5132.79,2017.09
2023-06-08,SC,Representante,Móveis,Varejo,Produto_46,2,4216.04,3442.75,773.3
2023-06-08,SC,Representante,Móveis,Distribuidor,Produto_112,6,8997.37,7506.35,1491.03
2023-06-08,SP,Marketplace,Móveis,Corporativo,Produto_76,5,9930.14,6704.85,3225.29
2023-06-08,RS,Marketplace,Acessórios,Corporativo,Produto_77,14,32957.9,24342.74,8615.16
2023-06-08,RS,Online,Serviços,Distribuidor,Produto_21,12,12873.75,10784.22,2089.54
2023-06-09,RJ,Online,Eletrônicos,Varejo,Produto_45,2,1080.33,752.81,327.52
2023-06-09,SC,Online,Móveis,Corporativo,Produto_43,14,11367.65,9193.66,2174.0
2023-06-09,ES,Loja Física,Serviços,Varejo,Produto_85,5,7445.34,4502.79,2942.54
2023-06-09,BA,Online,Acessórios,Distribuidor,Produto_76,12,7126.65,5395.68,1730.97
2023-06-10,SP,Online,Informática,Varejo,Produto_103,13,1201.83,805.85,395.99
2023-06-10,ES,Online,Serviços,Distribuidor,Produto_62,8,5659.19,4520.22,1138.97
2023-06-11,ES,Loja Física,Móveis,Distribuidor,Produto_91,14,2365.28,1644.27,721.01
2023-06-11,PR,Loja Física,Móveis,Varejo,Produto_67,11,18818.68,15753.16,3065.52
2023-06-11,BA,Marketplace,Acessórios,Varejo,Produto_28,10,4802.81,3483.5,1319.31
2023-06-12,BA,Marketplace,Eletrônicos,Distribuidor,Produto_95,2,3286.51,2686.84,599.66
2023-06-12,PR,Online,Eletrônicos,Distribuidor,Produto_27,8,4099.67,2970.57,1129.1
2023-06-12,SP,Online,Informática,Corporativo,Produto_51,6,9163.33,7784.0,1379.33
2023-06-13,MG,Loja Física,Acessórios,Varejo,Produto_73,11,9371.09,7949.27,1421.82
2023-06-13,MG,Online,Serviços,Distribuidor,Produto_18,1,2173.63,1415.17,758.46
2023-06-13,BA,Online,Eletrônicos,Corporativo,Produto_40,11,13466.49,11435.88,2030.61
2023-06-13,MG,Online,Serviços,Distribuidor,Produto_46,10,3394.81,2415.29,979.52
2023-06-13,SC,Marketplace,Informática,Distribuidor,Produto_66,2,1555.03,1186.44,368.59
2023-06-14,RJ,Online,Acessórios,Distribuidor,Produto_101,14,20245.01,12498.68,7746.34
2023-06-14,MG,Online,Serviços,Varejo,Produto_116,4,5804.45,3859.49,1944.96
2023-06-15,ES,Online,Serviços,Varejo,Produto_51,13,32067.69,22004.27,10063.42
2023-06-15,ES,Online,Serviços,Corporativo,Produto_112,2,1127.82,631.92,495.9
2023-06-15,RS,Online,Eletrônicos,Varejo,Produto_6,8,10331.09,7969.92,2361.16
2023-06-16,SC,Online,Móveis,Varejo,Produto_19,1,1674.5,1073.52,600.99
2023-06-16,BA,Loja Física,Acessórios,Varejo,Produto_63,12,18616.34,15455.26,3161.08
2023-06-17,SC,Loja Física,Móveis,Distribuidor,Produto_63,14,10131.45,6953.97,3177.48
2023-06-17,SP,Loja Física,Serviços,Distribuidor,Produto_57,8,7044.07,4980.85,2063.22
2023-06-17,RJ,Marketplace,Móveis,Corporativo,Produto_48,2,956.03,779.73,176.3
2023-06-17,BA,Loja Física,Acessórios,Corporativo,Produto_65,7,7743.06,5865.06,1878.0
2023-06-17,MG,Online,Acessórios,Distribuidor,Produto_92,6,462.39,304.16,158.23
2023-06-17,RS,Online,Móveis,Distribuidor,Produto_65,14,3835.51,2418.92,1416.59
2023-06-18,RS,Representante,Serviços,Distribuidor,Produto_107,4,5901.45,4238.05,1663.4
2023-06-18,BA,Online,Informática,Corporativo,Produto_52,9,480.16,293.28,186.89
2023-06-19,SC,Loja Física,Informática,Corporativo,Produto_86,6,9528.64,6313.48,3215.16
2023-06-19,SP,Marketplace,Informática,Distribuidor,Produto_113,13,27221.75,17115.75,10106.0
2023-06-19,SC,Online,Móveis,Varejo,Produto_10,13,9963.03,5628.83,4334.21
2023-06-19,ES,Marketplace,Acessórios,Corporativo,Produto_53,4,7638.71,4717.11,2921.6
2023-06-19,BA,Loja Física,Informática,Corporativo,Produto_55,9,7151.01,4697.01,2454.0
2023-06-19,PR,Representante,Informática,Varejo,Produto_5,14,16539.96,12771.16,3768.81
2023-06-19,RJ,Representante,Móveis,Distribuidor,Produto_13,11,2309.03,1538.35,770.68
2023-06-20,SC,Representante,Acessórios,Varejo,Produto_26,10,17304.83,14652.24,2652.6
2023-06-20,SC,Marketplace,Eletrônicos,Varejo,Produto_108,4,2449.96,1425.87,1024.09
2023-06-21,ES,Marketplace,Eletrônicos,Corporativo,Produto_53,3,1086.01,892.71,193.31
2023-06-21,RS,Loja Física,Acessórios,Corporativo,Produto_75,4,4910.08,3592.65,1317.44
2023-06-21,MG,Loja Física,Móveis,Distribuidor,Produto_35,3,2722.55,1920.92,801.63
2023-06-22,RS,Marketplace,Serviços,Varejo,Produto_92,12,5144.18,2976.62,2167.56
2023-06-23,SC,Loja Física,Acessórios,Corporativo,Produto_21,7,7336.14,5342.47,1993.66
2023-06-23,SC,Loja Física,Móveis,Distribuidor,Produto_35,9,2643.78,1611.2,1032.57
2023-06-23,SC,Online,Informática,Varejo,Produto_70,2,3287.87,2212.58,1075.28
2023-06-23,SP,Loja Física,Eletrônicos,Corporativo,Produto_8,8,15748.73,9563.14,6185.59
2023-06-23,SC,Marketplace,Acessórios,Distribuidor,Produto_61,14,11787.31,7209.48,4577.84
2023-06-23,ES,Online,Informática,Corporativo,Produto_9,11,23069.29,17575.79,5493.5
2023-06-23,BA,Loja Física,Móveis,Distribuidor,Produto_79,2,3343.55,2007.57,1335.99
2023-06-24,ES,Representante,Eletrônicos,Varejo,Produto_78,14,22588.72,18760.52,3828.2
2023-06-24,BA,Loja Física,Eletrônicos,Varejo,Produto_3,10,1314.74,1046.62,268.12
2023-06-24,SP,Marketplace,Acessórios,Distribuidor,Produto_16,4,6847.93,5765.07,1082.86
2023-06-25,ES,Representante,Informática,Varejo,Produto_62,14,31291.07,17503.64,13787.43
2023-06-25,BA,Representante,Eletrônicos,Corporativo,Produto_9,7,6937.57,4330.37,2607.2
2023-06-25,PR,Representante,Móveis,Corporativo,Produto_57,14,30614.64,22978.63,7636.01
2023-06-25,ES,Loja Física,Informática,Corporativo,Produto_113,1,617.67,513.61,104.06
2023-06-26,BA,Marketplace,Móveis,Distribuidor,Produto_47,8,9571.15,6509.78,3061.37
2023-06-27,ES,Loja Física,Serviços,Distribuidor,Produto_87,9,13231.05,10234.51,2996.54
2023-06-27,BA,Marketplace,Serviços,Distribuidor,Produto_75,2,2696.56,1791.62,904.94
2023-06-27,PR,Representante,Eletrônicos,Corporativo,Produto_99,6,8753.77,6815.41,1938.36
2023-06-27,PR,Online,Eletrônicos,Varejo,Produto_60,6,12762.05,8424.66,4337.38
2023-06-28,MG,Representante,Eletrônicos,Varejo,Produto_20,1,1340.53,1098.72,241.81
2023-06-28,PR,Online,Acessórios,Varejo,Produto_56,4,4337.12,3199.84,1137.28
2023-06-28,ES,Representante,Eletrônicos,Distribuidor,Produto_25,9,20253.49,17173.05,3080.44
2023-06-29,RS,Online,Acessórios,Varejo,Produto_118,14,15294.67,9481.17,5813.5
2023-06-29,PR,Loja Física,Serviços,Distribuidor,Produto_104,4,278.97,177.01,101.96
2023-06-29,RJ,Marketplace,Eletrônicos,Corporativo,Produto_11,11,12316.76,10019.71,2297.05
2023-06-30,ES,Loja Física,Serviços,Distribuidor,Produto_115,7,16722.52,10223.37,6499.16
2023-06-30,PR,Loja Física,Serviços,Corporativo,Produto_58,9,13028.6,7309.54,5719.06
2023-06-30,SP,Marketplace,Serviços,Varejo,Produto_54,14,6138.47,3671.48,2466.99
2023-06-30,BA,Online,Serviços,Corporativo,Produto_2,7,15111.46,11694.11,3417.35
2023-06-30,SC,Marketplace,Serviços,Varejo,Produto_34,14,28845.26,23797.46,5047.79
2023-06-30,RJ,Marketplace,Eletrônicos,Varejo,Produto_92,13,8427.91,6738.56,1689.35
2023-07-01,RS,Online,Informática,Corporativo,Produto_58,2,3245.18,2535.89,709.29
2023-07-01,RS,Marketplace,Eletrônicos,Corporativo,Produto_65,1,342.53,196.36,146.17
2023-07-03,PR,Online,Eletrônicos,Corporativo,Produto_73,4,9576.61,5330.82,4245.79
2023-07-03,PR,Marketplace,Acessórios,Distribuidor,Produto_57,1,1462.46,1007.7,454.76
2023-07-03,RS,Marketplace,Serviços,Varejo,Produto_95,3,7211.44,4853.11,2358.33
2023-07-03,RJ,Marketplace,Informática,Corporativo,Produto_105,3,3489.91,2901.78,588.13
2023-07-03,RS,Loja Física,Acessórios,Corporativo,Produto_60,11,16120.71,11619.04,4501.67
2023-07-03,ES,Online,Eletrônicos,Corporativo,Produto_18,3,5805.36,4770.11,1035.25
2023-07-04,RS,Representante,Serviços,Corporativo,Produto_87,2,290.59,160.6,129.99
2023-07-04,BA,Marketplace,Acessórios,Varejo,Produto_98,3,5547.65,3378.38,2169.26
2023-07-04,PR,Loja Física,Acessórios,Corporativo,Produto_42,8,5147.82,4137.49,1010.33
2023-07-04,BA,Online,Eletrônicos,Corporativo,Produto_57,7,10043.38,7716.6,2326.78
2023-07-04,ES,Representante,Informática,Distribuidor,Produto_94,13,6777.08,5420.79,1356.29
2023-07-04,MG,Online,Serviços,Distribuidor,Produto_28,3,678.39,416.15,262.23
2023-07-04,MG,Loja Física,Acessórios,Varejo,Produto_34,4,7457.09,5616.01,1841.08
2023-07-04,RJ,Online,Serviços,Varejo,Produto_80,3,5324.7,4040.66,1284.04
2023-07-05,RJ,Marketplace,Acessórios,Varejo,Produto_41,12,23250.14,13655.56,9594.58
2023-07-05,RS,Loja Física,Informática,Varejo,Produto_85,14,16496.09,9651.22,6844.86
2023-07-05,MG,Loja Física,Móveis,Distribuidor,Produto_108,8,15442.92,10106.2,5336.72
2023-07-06,RJ,Loja Física,Acessórios,Varejo,Produto_39,3,4397.93,3076.19,1321.74
2023-07-06,RS,Online,Informática,Corporativo,Produto_92,2,3422.18,2724.92,697.26
2023-07-06,ES,Marketplace,Móveis,Distribuidor,Produto_94,7,10818.56,7038.98,3779.58
2023-07-06,SP,Online,Móveis,Distribuidor,Produto_95,10,4429.41,3506.01,923.41
2023-07-07,BA,Representante,Serviços,Varejo,Produto_49,10,14139.61,9307.97,4831.63
2023-07-07,RS,Online,Acessórios,Distribuidor,Produto_32,5,9654.45,7122.38,2532.06
2023-07-07,PR,Representante,Eletrônicos,Varejo,Produto_19,3,3606.19,2028.88,1577.31
2023-07-07,SC,Online,Eletrônicos,Corporativo,Produto_20,11,17809.07,11353.75,6455.31
2023-07-08,BA,Loja Física,Informática,Varejo,Produto_10,2,1761.95,1292.62,469.33
2023-07-08,SC,Marketplace,Eletrônicos,Corporativo,Produto_98,8,1023.07,620.09,402.98
2023-07-08,SP,Online,Informática,Corporativo,Produto_75,8,18266.96,13415.12,4851.84
2023-07-08,SC,Online,Acessórios,Varejo,Produto_55,5,12332.62,10289.93,2042.69
2023-07-08,SP,Loja Física,Acessórios,Distribuidor,Produto_94,2,2572.75,1847.95,724.8
2023-07-08,BA,Marketplace,Acessórios,Corporativo,Produto_97,11,17437.55,9822.93,7614.61
2023-07-09,BA,Online,Informática,Varejo,Produto_109,7,1699.86,1238.8,461.06
2023-07-09,MG,Loja Física,Acessórios,Corporativo,Produto_29,13,18735.66,14744.86,3990.8
2023-07-09,RJ,Representante,Móveis,Varejo,Produto_19,12,28383.17,18182.1,10201.07
2023-07-09,RS,Online,Móveis,Varejo,Produto_6,6,9819.46,5549.23,4270.24
2023-07-09,PR,Loja Física,Acessórios,Varejo,Produto_101,2,4831.04,3870.32,960.72
2023-07-10,MG,Representante,Acessórios,Varejo,Produto_117,3,6700.78,5142.79,1557.99
2023-07-11,PR,Marketplace,Móveis,Varejo,Produto_99,12,28150.4,18280.56,9869.84
2023-07-11,PR,Marketplace,Acessórios,Corporativo,Produto_39,5,5056.89,4181.54,875.35
2023-07-11,RS,Marketplace,Informática,Varejo,Produto_8,8,10705.27,6147.15,4558.12
2023-07-12,RS,Marketplace,Serviços,Distribuidor,Produto_53,9,12797.09,7273.92,5523.17
2023-07-12,PR,Loja Física,Móveis,Corporativo,Produto_47,7,7610.22,6356.1,1254.12
2023-07-12,MG,Representante,Informática,Corporativo,Produto_2,10,21498.88,17179.44,4319.44
2023-07-12,MG,Representante,Acessórios,Varejo,Produto_26,5,9236.09,6337.29,2898.8
2023-07-12,ES,Online,Móveis,Distribuidor,Produto_86,11,24617.16,16187.92,8429.23
2023-07-12,SC,Loja Física,Móveis,Varejo,Produto_92,12,19170.35,11648.65,7521.7
2023-07-12,RJ,Representante,Acessórios,Distribuidor,Produto_59,11,15468.41,10352.34,5116.07
2023-07-13,SP,Representante,Informática,Corporativo,Produto_101,4,7300.5,4095.5,3205.0
2023-07-13,MG,Marketplace,Eletrônicos,Distribuidor,Produto_90,10,4683.36,3585.05,1098.31
2023-07-13,MG,Representante,Acessórios,Varejo,Produto_99,3,1432.18,1007.8,424.38
2023-07-13,SC,Representante,Informática,Varejo,Produto_67,1,2103.42,1596.18,507.25
2023-07-13,RS,Online,Móveis,Distribuidor,Produto_29,10,5437.1,4605.88,831.22
2023-07-13,RJ,Loja Física,Informática,Corporativo,Produto_90,10,7511.56,5180.21,2331.35
2023-07-13,BA,Online,Acessórios,Varejo,Produto_1,11,1058.61,633.14,425.47
2023-07-13,MG,Representante,Informática,Corporativo,Produto_110,9,19975.8,12331.61,7644.19
2023-07-13,ES,Online,Serviços,Corporativo,Produto_99,3,6979.15,5687.55,1291.6
2023-07-13,SC,Marketplace,Informática,Corporativo,Produto_74,9,5976.96,4886.01,1090.95
2023-07-13,SP,Marketplace,Informática,Varejo,Produto_96,1,189.41,122.19,67.22
2023-07-14,MG,Online,Serviços,Distribuidor,Produto_97,1,951.65,783.97,167.68
2023-07-14,BA,Loja Física,Serviços,Corporativo,Produto_116,12,14077.72,9243.31,4834.41
2023-07-14,RS,Loja Física,Móveis,Distribuidor,Produto_26,1,2271.9,1881.79,390.11
2023-07-15,ES,Representante,Acessórios,Varejo,Produto_98,10,1776.19,1326.84,449.35
2023-07-15,ES,Loja Física,Móveis,Distribuidor,Produto_111,6,10520.6,6226.31,4294.29
2023-07-15,SC,Representante,Eletrônicos,Varejo,Produto_74,13,2925.31,1897.27,1028.04
2023-07-16,RS,Marketplace,Eletrônicos,Corporativo,Produto_93,3,6058.98,4379.89,1679.09
2023-07-16,RS,Online,Informática,Varejo,Produto_4,13,1623.6,1244.01,379.6
2023-07-16,BA,Loja Física,Informática,Corporativo,Produto_54,5,1675.9,1349.4,326.51
2023-07-16,RJ,Loja Física,Acessórios,Corporativo,Produto_5,2,4115.64,2549.32,1566.31
2023-07-16,MG,Representante,Informática,Varejo,Produto_6,7,2767.8,2006.27,761.53
2023-07-16,RJ,Representante,Eletrônicos,Distribuidor,Produto_8,8,13332.34,11037.99,2294.35
2023-07-18,MG,Online,Acessórios,Corporativo,Produto_77,8,8228.15,5250.18,2977.97
2023-07-18,BA,Loja Física,Móveis,Distribuidor,Produto_96,5,10917.7,8889.48,2028.22
2023-07-18,ES,Marketplace,Serviços,Distribuidor,Produto_106,5,2593.17,2135.01,458.16
2023-07-18,PR,Loja Física,Serviços,Distribuidor,Produto_30,8,6148.02,4621.59,1526.43
2023-07-18,ES,Online,Móveis,Corporativo,Produto_23,11,23156.9,15150.85,8006.05
2023-07-19,MG,Marketplace,Informática,Varejo,Produto_26,6,10263.08,6711.67,3551.41
2023-07-19,SC,Loja Física,Móveis,Corporativo,Produto_117,9,12304.21,9086.37,3217.83
2023-07-19,RJ,Marketplace,Serviços,Distribuidor,Produto_38,11,20322.9,13268.39,7054.51
2023-07-20,BA,Representante,Serviços,Varejo,Produto_87,11,26609.34,20051.22,6558.12
2023-07-20,BA,Loja Física,Acessórios,Varejo,Produto_109,8,780.93,514.43,266.5
2023-07-20,RJ,Representante,Móveis,Distribuidor,Produto_26,8,11841.58,9198.6,2642.98
2023-07-20,MG,Online,Móveis,Corporativo,Produto_10,12,16667.57,13426.81,3240.76
2023-07-20,ES,Loja Física,Serviços,Corporativo,Produto_62,1,1602.85,906.69,696.16
2023-07-21,BA,Loja Física,Móveis,Varejo,Produto_17,2,2189.56,1734.8,454.76
2023-07-21,ES,Online,Móveis,Varejo,Produto_44,4,4046.03,3408.46,637.57
2023-07-21,MG,Online,Eletrônicos,Distribuidor,Produto_45,3,1921.58,1469.48,452.1
2023-07-21,SC,Online,Eletrônicos,Distribuidor,Produto_77,4,8201.35,4602.56,3598.79
2023-07-21,RS,Online,Eletrônicos,Distribuidor,Produto_17,1,588.41,491.31,97.1
2023-07-22,PR,Marketplace,Móveis,Varejo,Produto_17,4,1441.25,852.27,588.98
2023-07-22,ES,Marketplace,Eletrônicos,Corporativo,Produto_33,8,5598.46,3484.11,2114.35
2023-07-22,MG,Marketplace,Acessórios,Corporativo,Produto_67,8,17601.72,11333.68,6268.04
2023-07-23,RJ,Online,Eletrônicos,Distribuidor,Produto_38,6,5938.64,4216.57,1722.07
2023-07-23,PR,Loja Física,Informática,Distribuidor,Produto_2,3,4518.91,2846.63,1672.28
2023-07-24,SC,Marketplace,Eletrônicos,Distribuidor,Produto_75,9,3330.81,2014.59,1316.21
2023-07-24,MG,Marketplace,Móveis,Corporativo,Produto_57,5,6394.34,4873.69,1520.65
2023-07-24,BA,Marketplace,Eletrônicos,Varejo,Produto_99,12,21436.41,15487.62,5948.79
2023-07-24,SC,Marketplace,Acessórios,Varejo,Produto_85,7,9476.71,6350.66,3126.05
2023-07-24,PR,Representante,Informática,Corporativo,Produto_99,11,23511.69,17338.43,6173.26
2023-07-24,RS,Loja Física,Acessórios,Varejo,Produto_65,13,20321.18,14581.29,5739.89
2023-07-25,RJ,Representante,Eletrônicos,Varejo,Produto_25,7,14138.99,10287.8,3851.19
2023-07-25,RJ,Representante,Móveis,Corporativo,Produto_19,10,17547.16,9722.43,7824.73
2023-07-25,SC,Online,Informática,Varejo,Produto_33,4,2882.27,1633.63,1248.64
2023-07-25,ES,Online,Serviços,Distribuidor,Produto_90,10,19518.9,15464.8,4054.1
2023-07-25,PR,Loja Física,Móveis,Varejo,Produto_118,12,1850.22,1366.79,483.43
2023-07-25,BA,Online,Eletrônicos,Distribuidor,Produto_109,13,9904.45,6719.14,3185.31
2023-07-26,ES,Loja Física,Serviços,Distribuidor,Produto_93,3,3553.92,2077.92,1476.0
2023-07-26,SC,Loja Física,Informática,Distribuidor,Produto_19,11,5166.28,3275.6,1890.68
2023-07-27,SC,Loja Física,Eletrônicos,Distribuidor,Produto_5,1,1969.91,1284.78,685.13
2023-07-28,SP,Online,Serviços,Corporativo,Produto_62,2,4225.66,2742.89,1482.77
2023-07-28,PR,Loja Física,Eletrônicos,Varejo,Produto_97,7,14520.52,10214.7,4305.81
2023-07-28,SC,Marketplace,Acessórios,Varejo,Produto_62,9,10653.86,6292.83,4361.03
2023-07-29,MG,Representante,Serviços,Varejo,Produto_117,6,11852.24,8148.65,3703.59
2023-07-29,SP,Online,Informática,Corporativo,Produto_114,4,7081.69,4119.93,2961.76
2023-07-30,ES,Loja Física,Informática,Distribuidor,Produto_12,8,12456.48,9784.02,2672.46
2023-07-30,PR,Loja Física,Móveis,Corporativo,Produto_19,7,2214.36,1224.27,990.09
2023-07-30,MG,Marketplace,Acessórios,Corporativo,Produto_56,10,16386.4,12056.26,4330.14
2023-07-31,ES,Online,Acessórios,Distribuidor,Produto_34,9,15794.34,12011.11,3783.23
2023-07-31,MG,Representante,Eletrônicos,Corporativo,Produto_59,6,13869.36,9268.93,4600.44
2023-08-01,SP,Loja Física,Móveis,Varejo,Produto_109,7,2637.75,1646.8,990.95
2023-08-01,RS,Online,Móveis,Corporativo,Produto_46,13,15052.02,9488.85,5563.17
2023-08-01,MG,Loja Física,Informática,Distribuidor,Produto_26,7,9845.02,6609.39,3235.62
2023-08-02,SC,Representante,Acessórios,Varejo,Produto_111,11,19436.01,11465.32,7970.68
2023-08-03,RS,Online,Informática,Corporativo,Produto_9,14,34587.55,25054.8,9532.75
2023-08-04,BA,Online,Móveis,Varejo,Produto_23,6,13336.26,9388.25,3948.02
2023-08-04,PR,Online,Móveis,Corporativo,Produto_107,9,20023.99,14144.95,5879.04
2023-08-05,RS,Loja Física,Serviços,Corporativo,Produto_74,9,5718.38,4358.04,1360.34
2023-08-05,ES,Online,Eletrônicos,Varejo,Produto_106,5,1588.45,883.61,704.84
2023-08-06,PR,Representante,Informática,Distribuidor,Produto_110,2,1815.51,1173.35,642.16
2023-08-06,SP,Representante,Móveis,Varejo,Produto_86,2,826.9,490.17,336.73
2023-08-06,SP,Marketplace,Informática,Varejo,Produto_25,5,9176.71,7746.4,1430.3
2023-08-06,RJ,Online,Eletrônicos,Varejo,Produto_52,5,1827.1,1491.75,335.35
2023-08-09,MG,Representante,Acessórios,Corporativo,Produto_22,4,3249.44,2486.43,763.01
2023-08-10,RJ,Marketplace,Informática,Corporativo,Produto_81,9,7355.2,4585.44,2769.77
2023-08-10,PR,Representante,Informática,Corporativo,Produto_22,4,4745.58,3391.2,1354.37
2023-08-10,RS,Loja Física,Móveis,Varejo,Produto_94,12,29844.16,23458.63,6385.53
2023-08-10,MG,Marketplace,Acessórios,Varejo,Produto_57,3,7313.84,6060.61,1253.22
2023-08-11,PR,Online,Serviços,Varejo,Produto_18,6,13218.37,8375.82,4842.55
2023-08-11,RS,Online,Eletrônicos,Distribuidor,Produto_34,1,178.53,118.94,59.58
2023-08-13,SC,Online,Informática,Varejo,Produto_54,5,10036.2,6325.53,3710.67
2023-08-13,RS,Representante,Informática,Distribuidor,Produto_82,6,804.68,527.77,276.91
2023-08-13,RS,Marketplace,Acessórios,Distribuidor,Produto_32,3,2335.29,1609.85,725.43
2023-08-13,MG,Representante,Móveis,Varejo,Produto_1,1,364.83,270.87,93.97
2023-08-13,RS,Representante,Eletrônicos,Distribuidor,Produto_85,4,5109.2,3189.51,1919.69
2023-08-13,RS,Loja Física,Informática,Distribuidor,Produto_24,2,4205.01,3503.95,701.06
2023-08-14,ES,Representante,Móveis,Distribuidor,Produto_8,5,10087.91,7031.39,3056.51
2023-08-14,ES,Loja Física,Eletrônicos,Varejo,Produto_99,1,1278.99,944.65,334.34
2023-08-14,PR,Loja Física,Móveis,Corporativo,Produto_8,7,7896.11,5831.59,2064.51
2023-08-15,BA,Online,Acessórios,Corporativo,Produto_58,13,24889.77,15179.68,9710.09
2023-08-15,BA,Online,Móveis,Varejo,Produto_87,13,2864.26,2088.02,776.24
2023-08-15,SP,Loja Física,Informática,Corporativo,Produto_3,6,11443.72,6554.07,4889.65
2023-08-16,RJ,Representante,Serviços,Corporativo,Produto_101,8,18351.46,14518.35,3833.1
2023-08-16,SC,Marketplace,Eletrônicos,Distribuidor,Produto_51,1,604.79,342.9,261.88
2023-08-16,RS,Representante,Móveis,Distribuidor,Produto_2,9,11770.34,9226.93,2543.41
2023-08-16,RS,Online,Móveis,Distribuidor,Produto_29,5,10741.43,7099.98,3641.45
2023-08-16,RS,Online,Eletrônicos,Varejo,Produto_34,4,8416.44,5393.37,3023.08
2023-08-17,ES,Representante,Móveis,Varejo,Produto_96,2,1658.74,1055.35,603.39
2023-08-17,RS,Representante,Serviços,Varejo,Produto_1,7,7182.69,4957.41,2225.28
2023-08-18,RJ,Marketplace,Informática,Distribuidor,Produto_60,4,5074.34,3145.23,1929.1
2023-08-18,RJ,Marketplace,Serviços,Distribuidor,Produto_53,1,895.92,550.05,345.87
2023-08-18,BA,Representante,Eletrônicos,Corporativo,Produto_108,2,1782.43,1343.98,438.45
2023-08-19,PR,Marketplace,Informática,Distribuidor,Produto_6,8,778.64,581.68,196.96
2023-08-19,PR,Representante,Móveis,Distribuidor,Produto_63,12,21534.4,13558.18,7976.23
2023-08-19,RS,Loja Física,Informática,Corporativo,Produto_76,14,19343.29,11867.13,7476.16
2023-08-20,PR,Online,Serviços,Varejo,Produto_30,2,3717.09,2567.33,1149.76
2023-08-20,ES,Representante,Eletrônicos,Distribuidor,Produto_17,4,5975.89,4604.42,1371.47
2023-08-20,PR,Online,Móveis,Varejo,Produto_64,5,1868.76,1530.6,338.15
2023-08-21,SP,Marketplace,Eletrônicos,Varejo,Produto_11,8,15394.05,11991.99,3402.06
2023-08-21,SP,Representante,Informática,Varejo,Produto_46,2,2419.39,1789.94,629.45
2023-08-22,MG,Marketplace,Móveis,Varejo,Produto_99,4,381.77,286.14,95.63
2023-08-22,SP,Marketplace,Acessórios,Distribuidor,Produto_108,8,13484.65,11141.42,2343.22
2023-08-22,SP,Online,Serviços,Distribuidor,Produto_115,9,8195.69,5002.45,3193.24
2023-08-23,RJ,Representante,Móveis,Varejo,Produto_50,2,1646.31,1111.28,535.02
2023-08-23,PR,Online,Eletrônicos,Distribuidor,Produto_114,8,10036.28,6664.44,3371.84
2023-08-26,MG,Representante,Eletrônicos,Corporativo,Produto_106,6,9501.22,7348.17,2153.05
2023-08-27,RJ,Online,Serviços,Distribuidor,Produto_53,4,6736.3,4829.33,1906.97
2023-08-27,PR,Loja Física,Móveis,Varejo,Produto_10,10,621.83,354.36,267.46
2023-08-27,ES,Online,Serviços,Distribuidor,Produto_2,6,1822.98,1249.17,573.8
2023-08-27,SC,Representante,Serviços,Varejo,Produto_45,6,3766.79,2529.3,1237.49
2023-08-27,PR,Marketplace,Informática,Corporativo,Produto_117,1,954.84,604.89,349.95
2023-08-27,ES,Representante,Eletrônicos,Varejo,Produto_105,1,1007.65,577.28,430.36
2023-08-28,RS,Loja Física,Móveis,Corporativo,Produto_33,14,9264.04,7434.22,1829.82
2023-08-28,BA,Online,Acessórios,Varejo,Produto_87,5,8526.1,6435.28,2090.82
2023-08-28,SC,Marketplace,Móveis,Distribuidor,Produto_111,10,2286.47,1495.16,791.3
2023-08-28,SP,Loja Física,Eletrônicos,Varejo,Produto_60,2,4676.89,3147.38,1529.51
2023-08-28,ES,Loja Física,Móveis,Corporativo,Produto_26,14,26358.25,17218.57,9139.68
2023-08-28,SC,Representante,Acessórios,Varejo,Produto_48,5,4682.05,3242.74,1439.3
2023-08-28,SC,Online,Serviços,Distribuidor,Produto_95,5,5610.79,4708.95,901.84
2023-08-28,PR,Marketplace,Serviços,Varejo,Produto_78,1,512.25,354.36,157.88
2023-08-28,MG,Representante,Acessórios,Varejo,Produto_8,4,5151.5,3499.58,1651.92
2023-08-28,PR,Online,Eletrônicos,Varejo,Produto_74,10,3799.15,2733.65,1065.5
2023-08-28,ES,Representante,Informática,Distribuidor,Produto_22,3,4816.05,3910.16,905.89
2023-08-28,RJ,Marketplace,Serviços,Corporativo,Produto_96,2,2221.72,1622.05,599.67
2023-08-29,RS,Marketplace,Eletrônicos,Varejo,Produto_114,1,716.23,402.3,313.92
2023-08-29,BA,Representante,Informática,Corporativo,Produto_26,8,7767.3,4373.43,3393.88
2023-08-31,PR,Representante,Serviços,Distribuidor,Produto_55,2,4685.77,2998.46,1687.31
2023-08-31,MG,Loja Física,Acessórios,Corporativo,Produto_79,12,7882.7,4495.11,3387.59
2023-09-01,RS,Representante,Eletrônicos,Varejo,Produto_9,4,6989.26,5389.68,1599.58
2023-09-01,SP,Online,Informática,Corporativo,Produto_50,9,19966.56,15871.43,4095.14
2023-09-01,RS,Representante,Eletrônicos,Distribuidor,Produto_72,8,2883.74,1627.8,1255.95
2023-09-01,BA,Representante,Móveis,Distribuidor,Produto_38,13,19297.68,12531.08,6766.6
2023-09-02,PR,Representante,Serviços,Distribuidor,Produto_71,12,7046.41,4364.94,2681.48
2023-09-02,PR,Marketplace,Móveis,Distribuidor,Produto_26,9,8983.33,6026.11,2957.22
2023-09-02,RS,Marketplace,Acessórios,Varejo,Produto_51,13,25973.54,19393.65,6579.88
2023-09-03,SP,Marketplace,Serviços,Distribuidor,Produto_98,5,5369.49,4376.87,992.63
2023-09-03,PR,Marketplace,Eletrônicos,Distribuidor,Produto_47,4,6506.02,5410.79,1095.24
2023-09-03,ES,Marketplace,Móveis,Corporativo,Produto_12,1,687.69,570.14,117.55
2023-09-03,PR,Marketplace,Móveis,Distribuidor,Produto_37,2,4211.55,3438.7,772.85
2023-09-03,SC,Representante,Eletrônicos,Varejo,Produto_40,12,5283.31,3860.79,1422.51
2023-09-04,ES,Representante,Acessórios,Varejo,Produto_93,8,15905.84,12948.77,2957.06
2023-09-04,SP,Representante,Eletrônicos,Corporativo,Produto_98,1,560.4,435.76,124.64
2023-09-04,MG,Representante,Acessórios,Distribuidor,Produto_107,4,1029.5,705.06,324.44
2023-09-04,SP,Loja Física,Eletrônicos,Varejo,Produto_22,14,20353.68,17174.82,3178.86
2023-09-04,SP,Marketplace,Eletrônicos,Distribuidor,Produto_30,1,1907.28,1246.09,661.19
2023-09-05,PR,Loja Física,Móveis,Distribuidor,Produto_29,6,12720.24,9026.33,3693.91
2023-09-06,BA,Marketplace,Móveis,Varejo,Produto_91,14,27601.0,16778.75,10822.25
2023-09-06,SC,Loja Física,Móveis,Corporativo,Produto_65,10,20942.26,14336.18,6606.07
2023-09-06,ES,Loja Física,Serviços,Corporativo,Produto_111,13,20266.57,12574.43,7692.13
2023-09-06,ES,Online,Acessórios,Varejo,Produto_32,8,13032.49,10043.96,2988.53
2023-09-06,MG,Marketplace,Móveis,Distribuidor,Produto_92,7,17305.79,10416.95,6888.84
2023-09-07,SC,Online,Serviços,Distribuidor,Produto_5,3,327.38,263.2,64.17
2023-09-07,ES,Representante,Acessórios,Corporativo,Produto_105,4,5589.1,4403.76,1185.35
2023-09-07,SC,Online,Informática,Corporativo,Produto_46,12,2227.05,1533.94,693.12
2023-09-07,MG,Marketplace,Móveis,Varejo,Produto_49,9,7895.32,5444.48,2450.84
2023-09-08,ES,Representante,Acessórios,Corporativo,Produto_114,10,17774.46,10224.78,7549.68
2023-09-08,MG,Loja Física,Serviços,Distribuidor,Produto_46,1,1000.67,842.61,158.05
2023-09-08,ES,Online,Acessórios,Varejo,Produto_2,4,6204.68,4820.92,1383.76
2023-09-08,SP,Online,Acessórios,Varejo,Produto_98,4,583.68,396.45,187.22
2023-09-08,BA,Online,Serviços,Varejo,Produto_97,6,10639.7,7390.04,3249.66
2023-09-09,SP,Loja Física,Móveis,Corporativo,Produto_73,11,22175.17,12720.31,9454.87
2023-09-09,SC,Representante,Informática,Distribuidor,Produto_114,13,24042.82,20238.64,3804.18
2023-09-09,MG,Marketplace,Eletrônicos,Varejo,Produto_16,1,1035.57,742.26,293.31
2023-09-09,RS,Loja Física,Móveis,Distribuidor,Produto_76,3,4663.75,3064.23,1599.52
2023-09-10,MG,Online,Informática,Corporativo,Produto_27,12,29392.89,22229.1,7163.79
2023-09-10,SC,Representante,Eletrônicos,Distribuidor,Produto_111,11,17774.95,10035.53,7739.42
2023-09-11,BA,Loja Física,Móveis,Distribuidor,Produto_103,4,1790.27,1221.32,568.96
2023-09-11,RS,Loja Física,Eletrônicos,Varejo,Produto_18,8,10791.79,8845.19,1946.6
2023-09-11,SP,Online,Acessórios,Distribuidor,Produto_71,13,16295.96,13102.39,3193.57
2023-09-11,SP,Online,Informática,Distribuidor,Produto_13,8,2351.14,1344.5,1006.64
2023-09-12,MG,Marketplace,Serviços,Distribuidor,Produto_34,6,11590.69,9357.48,2233.2
2023-09-12,RJ,Marketplace,Serviços,Distribuidor,Produto_22,8,2367.86,1540.8,827.07
2023-09-12,BA,Loja Física,Serviços,Distribuidor,Produto_114,14,20003.89,16389.19,3614.69
2023-09-13,SC,Marketplace,Móveis,Varejo,Produto_8,14,4126.1,3051.53,1074.57
2023-09-13,PR,Representante,Informática,Varejo,Produto_33,9,2613.52,2166.45,447.07
2023-09-13,PR,Representante,Serviços,Varejo,Produto_65,12,3472.47,2845.81,626.66
2023-09-13,MG,Representante,Serviços,Corporativo,Produto_20,6,3349.65,2319.56,1030.09
2023-09-13,RS,Loja Física,Serviços,Distribuidor,Produto_74,4,7778.42,5944.14,1834.29
2023-09-15,RJ,Loja Física,Serviços,Distribuidor,Produto_29,4,8014.7,5374.3,2640.4
2023-09-15,MG,Loja Física,Móveis,Corporativo,Produto_89,12,27768.01,22951.82,4816.19
2023-09-15,PR,Online,Eletrônicos,Distribuidor,Produto_72,14,4212.33,3117.06,1095.27
2023-09-15,SC,Representante,Serviços,Varejo,Produto_62,2,2210.46,1426.91,783.54
2023-09-15,BA,Online,Acessórios,Distribuidor,Produto_88,4,1303.03,1101.49,201.55
2023-09-15,RS,Loja Física,Eletrônicos,Corporativo,Produto_46,12,12569.96,8402.51,4167.44
2023-09-15,RS,Online,Informática,Corporativo,Produto_38,8,705.97,584.52,121.45
2023-09-15,BA,Marketplace,Eletrônicos,Distribuidor,Produto_88,6,2755.49,1980.59,774.9
2023-09-15,SC,Representante,Acessórios,Distribuidor,Produto_3,4,1477.22,838.17,639.05
2023-09-16,SP,Loja Física,Acessórios,Distribuidor,Produto_10,10,5264.43,3277.04,1987.39
2023-09-17,SC,Representante,Serviços,Varejo,Produto_25,7,14660.35,11165.83,3494.52
2023-09-17,RS,Marketplace,Informática,Distribuidor,Produto_63,4,1037.57,748.79,288.79
2023-09-17,RS,Online,Serviços,Varejo,Produto_110,9,14372.14,11803.74,2568.4
2023-09-17,BA,Representante,Serviços,Distribuidor,Produto_36,6,4661.66,3146.62,1515.04
2023-09-18,ES,Representante,Eletrônicos,Varejo,Produto_41,3,1325.73,863.4,462.32
2023-09-18,PR,Representante,Eletrônicos,Distribuidor,Produto_39,12,29277.89,19199.14,10078.75
2023-09-18,ES,Loja Física,Eletrônicos,Varejo,Produto_94,7,5125.97,4305.39,820.58
2023-09-18,MG,Marketplace,Serviços,Varejo,Produto_32,10,17718.46,14876.04,2842.42
2023-09-19,RS,Online,Informática,Distribuidor,Produto_13,1,1441.02,950.87,490.15
2023-09-19,PR,Online,Informática,Corporativo,Produto_39,1,1211.69,670.94,540.75
2023-09-19,SP,Online,Acessórios,Distribuidor,Produto_108,3,7162.86,4137.42,3025.44
2023-09-19,MG,Representante,Informática,Corporativo,Produto_62,8,6211.59,4290.53,1921.05
2023-09-20,RJ,Representante,Serviços,Varejo,Produto_86,2,3222.67,2218.91,1003.76
2023-09-20,PR,Marketplace,Acessórios,Varejo,Produto_11,10,4893.16,3693.08,1200.08
2023-09-20,SC,Online,Serviços,Varejo,Produto_17,13,16663.66,13164.03,3499.63
2023-09-21,ES,Loja Física,Eletrônicos,Varejo,Produto_3,8,4630.4,2692.74,1937.66
2023-09-21,SC,Marketplace,Informática,Varejo,Produto_52,13,12061.84,7837.41,4224.43
2023-09-21,PR,Representante,Eletrônicos,Varejo,Produto_7,5,11391.59,7530.4,3861.19
2023-09-22,ES,Online,Eletrônicos,Corporativo,Produto_17,8,2328.36,1856.73,471.63
2023-09-22,SP,Marketplace,Eletrônicos,Varejo,Produto_96,3,1080.19,857.27,222.92
2023-09-22,RJ,Online,Serviços,Varejo,Produto_9,4,2584.77,1673.06,911.71
2023-09-22,ES,Marketplace,Informática,Distribuidor,Produto_34,10,11907.66,9044.72,2862.94
2023-09-23,PR,Representante,Informática,Varejo,Produto_97,2,2711.08,1547.34,1163.74
2023-09-23,RS,Marketplace,Acessórios,Corporativo,Produto_72,7,1723.58,1443.28,280.3
2023-09-23,ES,Marketplace,Acessórios,Corporativo,Produto_31,2,3977.36,3037.54,939.81
2023-09-23,RJ,Loja Física,Informática,Corporativo,Produto_9,9,9128.39,6789.05,2339.34
2023-09-24,RJ,Marketplace,Informática,Distribuidor,Produto_40,1,1816.5,1095.17,721.33
2023-09-24,RS,Marketplace,Informática,Distribuidor,Produto_5,14,22702.11,18096.31,4605.8
2023-09-24,SC,Online,Móveis,Varejo,Produto_56,10,21402.06,12575.43,8826.63
2023-09-25,SC,Representante,Eletrônicos,Corporativo,Produto_119,14,18276.46,14196.46,4080.0
2023-09-26,RJ,Online,Móveis,Varejo,Produto_82,3,2829.38,1744.53,1084.86
2023-09-26,ES,Representante,Eletrônicos,Distribuidor,Produto_63,3,7104.55,4133.51,2971.04
2023-09-26,ES,Marketplace,Informática,Varejo,Produto_90,12,22258.56,18308.75,3949.82
2023-09-26,RJ,Representante,Informática,Varejo,Produto_17,12,28867.14,22885.05,5982.1
2023-09-27,RJ,Loja Física,Serviços,Corporativo,Produto_100,1,1151.49,658.5,492.99
2023-09-27,ES,Marketplace,Informática,Corporativo,Produto_101,3,6506.04,4478.02,2028.02
2023-09-27,RS,Loja Física,Serviços,Distribuidor,Produto_84,3,532.15,342.3,189.85
2023-09-27,PR,Marketplace,Serviços,Varejo,Produto_85,5,2104.17,1511.13,593.04
2023-09-27,BA,Online,Móveis,Varejo,Produto_17,9,9239.89,6963.84,2276.05
2023-09-29,SP,Online,Informática,Varejo,Produto_56,3,5863.4,4206.65,1656.75
2023-09-29,PR,Loja Física,Informática,Varejo,Produto_71,2,2921.17,1957.52,963.65
2023-09-29,ES,Marketplace,Serviços,Varejo,Produto_53,13,15712.31,10221.72,5490.59
2023-09-29,ES,Marketplace,Informática,Distribuidor,Produto_73,9,18769.96,13210.75,5559.21
2023-09-29,ES,Online,Eletrônicos,Distribuidor,Produto_105,4,8409.84,5219.61,3190.23
2023-09-29,RJ,Representante,Acessórios,Corporativo,Produto_104,2,228.66,165.71,62.95
2023-09-30,MG,Online,Eletrônicos,Distribuidor,Produto_107,7,1203.9,729.53,474.37
2023-10-01,RJ,Representante,Eletrônicos,Varejo,Produto_112,7,483.88,309.89,174.0
2023-10-01,SC,Representante,Acessórios,Corporativo,Produto_61,14,10762.11,6374.72,4387.4
2023-10-01,RJ,Loja Física,Serviços,Varejo,Produto_26,3,1743.21,1363.0,380.22
2023-10-02,PR,Online,Eletrônicos,Corporativo,Produto_7,11,23321.13,15836.65,7484.49
2023-10-02,BA,Representante,Informática,Varejo,Produto_76,11,7356.52,5412.48,1944.04
2023-10-02,SP,Representante,Eletrônicos,Varejo,Produto_114,2,1047.58,764.33,283.24
2023-10-02,BA,Representante,Serviços,Corporativo,Produto_100,11,19560.77,13350.99,6209.78
2023-10-03,PR,Marketplace,Eletrônicos,Corporativo,Produto_1,8,18345.6,15254.39,3091.21
2023-10-03,BA,Loja Física,Eletrônicos,Varejo,Produto_27,7,5953.06,4473.42,1479.64
2023-10-03,RJ,Marketplace,Informática,Corporativo,Produto_58,4,2030.98,1119.09,911.89
2023-10-03,BA,Online,Serviços,Distribuidor,Produto_56,4,964.89,585.89,378.99
2023-10-03,SP,Marketplace,Móveis,Corporativo,Produto_109,11,3297.12,2666.07,631.05
2023-10-03,PR,Representante,Informática,Distribuidor,Produto_31,13,30438.35,23099.78,7338.57
2023-10-04,MG,Loja Física,Serviços,Distribuidor,Produto_10,6,5239.73,3611.53,1628.2
2023-10-04,SC,Marketplace,Acessórios,Corporativo,Produto_80,8,9402.64,5649.82,3752.82
2023-10-04,SP,Marketplace,Informática,Corporativo,Produto_44,7,9387.42,6977.15,2410.26
2023-10-04,MG,Online,Móveis,Varejo,Produto_89,12,16813.81,13996.28,2817.53
2023-10-04,SC,Representante,Informática,Varejo,Produto_33,8,11778.18,7660.49,4117.68
2023-10-04,RJ,Online,Eletrônicos,Varejo,Produto_66,4,4155.18,2837.08,1318.1
2023-10-05,BA,Marketplace,Móveis,Corporativo,Produto_74,2,2593.32,1747.11,846.21
2023-10-05,ES,Representante,Informática,Distribuidor,Produto_67,3,5781.74,3326.6,2455.14
2023-10-05,RS,Loja Física,Serviços,Corporativo,Produto_27,8,12038.43,7640.1,4398.33
2023-10-05,BA,Online,Serviços,Varejo,Produto_3,1,438.01,362.13,75.88
2023-10-06,RS,Online,Móveis,Corporativo,Produto_67,14,28751.34,16024.53,12726.81
2023-10-06,MG,Marketplace,Serviços,Varejo,Produto_103,8,2245.73,1361.16,884.56
2023-10-06,MG,Representante,Móveis,Varejo,Produto_20,2,2992.53,2323.13,669.4
2023-10-07,MG,Marketplace,Acessórios,Varejo,Produto_18,7,9856.16,6055.44,3800.73
2023-10-07,PR,Representante,Serviços,Corporativo,Produto_54,2,2174.78,1848.45,326.34
2023-10-07,RS,Loja Física,Informática,Distribuidor,Produto_15,13,16233.89,13755.71,2478.18
2023-10-07,BA,Online,Acessórios,Varejo,Produto_94,6,14856.5,9396.16,5460.34
2023-10-08,RS,Marketplace,Eletrônicos,Distribuidor,Produto_105,4,9956.37,6767.79,3188.59
2023-10-08,PR,Loja Física,Acessórios,Distribuidor,Produto_77,8,18265.7,12754.62,5511.08
2023-10-08,PR,Loja Física,Informática,Corporativo,Produto_88,4,2479.79,1605.37,874.42
2023-10-09,ES,Marketplace,Informática,Distribuidor,Produto_19,12,14698.51,9480.9,5217.61
2023-10-09,RJ,Loja Física,Serviços,Distribuidor,Produto_51,12,4042.95,2518.72,1524.23
2023-10-09,RS,Online,Acessórios,Distribuidor,Produto_14,10,24781.59,18224.18,6557.41
2023-10-09,SP,Online,Serviços,Varejo,Produto_62,3,7226.25,4948.86,2277.4
2023-10-09,RJ,Online,Móveis,Distribuidor,Produto_58,3,7194.61,5953.26,1241.35
2023-10-10,BA,Loja Física,Eletrônicos,Distribuidor,Produto_108,2,3982.22,2755.21,1227.01
2023-10-10,SP,Marketplace,Acessórios,Varejo,Produto_54,8,8303.9,7034.03,1269.87
2023-10-10,RS,Marketplace,Informática,Corporativo,Produto_2,3,7409.38,5035.53,2373.85
2023-10-11,RS,Representante,Acessórios,Corporativo,Produto_105,8,10538.82,6098.4,4440.42
2023-10-11,SP,Representante,Informática,Distribuidor,Produto_16,2,3722.79,2444.08,1278.71
2023-10-11,SC,Marketplace,Móveis,Varejo,Produto_36,3,1634.83,1011.02,623.81
2023-10-12,SP,Loja Física,Informática,Varejo,Produto_87,13,11258.38,8479.96,2778.43
2023-10-12,ES,Marketplace,Informática,Varejo,Produto_68,12,11892.74,9219.33,2673.41
2023-10-12,ES,Loja Física,Eletrônicos,Distribuidor,Produto_4,8,10731.63,6667.76,4063.87
2023-10-13,BA,Online,Acessórios,Distribuidor,Produto_12,6,1782.97,1382.78,400.19
2023-10-13,BA,Marketplace,Eletrônicos,Corporativo,Produto_33,10,14132.27,8835.4,5296.87
2023-10-13,RJ,Loja Física,Serviços,Corporativo,Produto_90,12,4126.24,2555.71,1570.53
2023-10-13,SP,Marketplace,Móveis,Varejo,Produto_17,7,13134.51,10564.0,2570.51
2023-10-13,BA,Representante,Serviços,Corporativo,Produto_107,5,9882.14,5855.81,4026.32
2023-10-13,PR,Loja Física,Eletrônicos,Corporativo,Produto_44,6,3552.88,1968.81,1584.06
2023-10-14,PR,Online,Serviços,Corporativo,Produto_17,2,4383.49,2908.48,1475.02
2023-10-14,ES,Online,Móveis,Distribuidor,Produto_102,12,3098.11,1966.12,1131.99
2023-10-14,PR,Loja Física,Acessórios,Varejo,Produto_6,5,10645.01,8042.92,2602.1
2023-10-15,RS,Online,Informática,Corporativo,Produto_113,11,19259.41,12069.73,7189.68
2023-10-15,MG,Loja Física,Acessórios,Distribuidor,Produto_111,7,14352.18,7978.48,6373.71
2023-10-15,MG,Online,Eletrônicos,Distribuidor,Produto_53,9,17904.23,15165.35,2738.88
2023-10-16,SC,Marketplace,Acessórios,Varejo,Produto_35,13,19133.58,13614.55,5519.03
2023-10-16,BA,Loja Física,Serviços,Varejo,Produto_26,6,8084.95,4903.07,3181.88
2023-10-16,ES,Representante,Eletrônicos,Corporativo,Produto_4,3,1888.08,1237.38,650.7
2023-10-16,PR,Representante,Móveis,Varejo,Produto_97,3,2225.39,1483.66,741.73
2023-10-16,SP,Representante,Informática,Corporativo,Produto_22,12,867.83,696.55,171.28
2023-10-16,MG,Online,Acessórios,Varejo,Produto_42,6,2675.34,2109.63,565.71
2023-10-17,SP,Marketplace,Móveis,Distribuidor,Produto_103,11,11897.87,7025.15,4872.73
2023-10-17,RJ,Online,Informática,Distribuidor,Produto_51,9,3335.54,2200.01,1135.53
2023-10-17,ES,Marketplace,Informática,Varejo,Produto_114,10,8710.19,6293.18,2417.01
2023-10-17,SP,Marketplace,Serviços,Corporativo,Produto_97,5,11794.76,8508.47,3286.29
2023-10-17,RJ,Representante,Eletrônicos,Distribuidor,Produto_45,1,2124.28,1395.46,728.81
2023-10-18,SP,Online,Eletrônicos,Corporativo,Produto_105,7,13912.57,11221.45,2691.12
2023-10-18,SP,Loja Física,Eletrônicos,Varejo,Produto_97,10,13742.97,10245.83,3497.14
2023-10-19,BA,Online,Serviços,Varejo,Produto_82,3,7459.07,4649.35,2809.72
2023-10-19,ES,Marketplace,Móveis,Distribuidor,Produto_115,6,13723.81,8657.13,5066.69
2023-10-19,SC,Representante,Informática,Varejo,Produto_55,9,15098.58,8858.06,6240.52
2023-10-19,PR,Loja Física,Eletrônicos,Varejo,Produto_104,5,7174.96,5975.6,1199.35
2023-10-19,SP,Representante,Móveis,Distribuidor,Produto_37,12,7847.58,4999.03,2848.55
2023-10-20,RS,Loja Física,Eletrônicos,Corporativo,Produto_35,10,18738.16,15158.03,3580.13
2023-10-20,PR,Loja Física,Eletrônicos,Distribuidor,Produto_18,13,8469.23,6149.3,2319.93
2023-10-20,SC,Online,Informática,Corporativo,Produto_39,3,7211.42,5187.69,2023.73
2023-10-21,MG,Loja Física,Informática,Varejo,Produto_32,12,904.69,693.2,211.49
2023-10-21,RS,Representante,Acessórios,Corporativo,Produto_98,7,12472.87,7080.89,5391.98
2023-10-21,PR,Representante,Móveis,Corporativo,Produto_81,6,738.06,498.03,240.03
2023-10-21,SP,Online,Serviços,Corporativo,Produto_109,14,4596.56,3304.99,1291.57
2023-10-22,RJ,Loja Física,Serviços,Corporativo,Produto_22,12,10550.83,8034.18,2516.65
2023-10-22,PR,Online,Eletrônicos,Distribuidor,Produto_100,1,1621.91,1219.88,402.03
2023-10-22,RS,Online,Acessórios,Distribuidor,Produto_34,7,5152.91,3796.12,1356.79
2023-10-22,SC,Loja Física,Serviços,Varejo,Produto_14,14,18789.9,15367.3,3422.6
2023-10-23,RS,Representante,Acessórios,Varejo,Produto_3,13,5797.27,3695.77,2101.5
2023-10-23,ES,Loja Física,Acessórios,Varejo,Produto_63,7,2316.92,1310.66,1006.26
2023-10-23,SC,Online,Informática,Varejo,Produto_36,14,28674.5,19685.82,8988.68
2023-10-23,MG,Marketplace,Móveis,Corporativo,Produto_48,12,10883.31,8308.71,2574.6
2023-10-23,ES,Marketplace,Móveis,Corporativo,Produto_96,13,1552.13,1228.64,323.49
2023-10-23,RS,Loja Física,Acessórios,Varejo,Produto_90,9,12821.22,10441.29,2379.93
2023-10-24,RS,Marketplace,Acessórios,Distribuidor,Produto_89,14,26065.69,21162.87,4902.82
2023-10-24,SC,Online,Móveis,Varejo,Produto_12,6,10018.43,6222.25,3796.18
2023-10-24,RS,Online,Informática,Distribuidor,Produto_46,2,1601.42,1331.76,269.66
2023-10-24,SC,Online,Serviços,Corporativo,Produto_47,4,5973.34,4812.7,1160.64
2023-10-24,RJ,Loja Física,Eletrônicos,Corporativo,Produto_115,10,7810.32,6463.95,1346.37
2023-10-24,PR,Marketplace,Informática,Distribuidor,Produto_89,12,10009.63,7039.19,2970.44
2023-10-25,MG,Representante,Eletrônicos,Corporativo,Produto_36,8,1635.13,1345.22,289.91
2023-10-25,SP,Online,Informática,Distribuidor,Produto_30,6,1393.65,813.02,580.62
2023-10-26,MG,Online,Eletrônicos,Varejo,Produto_78,9,9703.37,6366.97,3336.39
2023-10-26,BA,Marketplace,Serviços,Distribuidor,Produto_38,4,7944.77,5625.66,2319.11
2023-10-27,MG,Marketplace,Eletrônicos,Corporativo,Produto_51,4,9980.03,8294.21,1685.81
2023-10-28,RS,Loja Física,Serviços,Distribuidor,Produto_4,3,1204.14,865.4,338.74
2023-10-28,ES,Loja Física,Informática,Distribuidor,Produto_64,12,6412.32,4062.9,2349.42
2023-10-28,RJ,Loja Física,Móveis,Distribuidor,Produto_40,5,10155.45,6089.91,4065.54
2023-10-29,ES,Representante,Eletrônicos,Corporativo,Produto_34,12,23371.78,15486.58,7885.2
2023-10-29,MG,Marketplace,Serviços,Distribuidor,Produto_54,13,4562.45,3729.36,833.09
2023-10-30,PR,Representante,Informática,Varejo,Produto_95,12,27123.98,15311.53,11812.45
2023-10-30,PR,Loja Física,Móveis,Varejo,Produto_91,3,3172.03,2090.68,1081.35
2023-10-30,BA,Online,Informática,Corporativo,Produto_56,8,9338.97,7915.15,1423.82
2023-10-30,BA,Representante,Móveis,Distribuidor,Produto_2,10,9043.15,7313.8,1729.35
2023-10-30,RS,Marketplace,Eletrônicos,Distribuidor,Produto_46,9,20636.79,14711.9,5924.9
2023-10-30,ES,Marketplace,Eletrônicos,Corporativo,Produto_67,5,800.46,461.8,338.66
2023-10-30,ES,Marketplace,Informática,Varejo,Produto_51,8,3631.19,2706.36,924.83
2023-10-30,ES,Online,Serviços,Distribuidor,Produto_44,4,4787.5,2844.14,1943.36
2023-11-01,ES,Marketplace,Acessórios,Varejo,Produto_94,9,19386.0,12115.41,7270.58
2023-11-01,RJ,Online,Eletrônicos,Corporativo,Produto_87,14,1245.14,1042.36,202.79
2023-11-01,RJ,Online,Eletrônicos,Corporativo,Produto_63,1,2377.25,1487.5,889.75
2023-11-02,RJ,Loja Física,Informática,Corporativo,Produto_90,3,4817.17,2695.41,2121.76
2023-11-02,RJ,Online,Móveis,Corporativo,Produto_31,6,1924.11,1078.17,845.94
2023-11-03,ES,Marketplace,Informática,Varejo,Produto_102,2,4513.56,3724.44,789.12
2023-11-03,RJ,Marketplace,Eletrônicos,Corporativo,Produto_63,10,10207.39,8380.47,1826.92
2023-11-04,RJ,Representante,Móveis,Distribuidor,Produto_32,8,18860.75,14576.78,4283.97
2023-11-04,SC,Representante,Informática,Distribuidor,Produto_75,7,10318.2,7071.58,3246.62
2023-11-04,SP,Loja Física,Eletrônicos,Varejo,Produto_84,10,7580.66,5941.82,1638.83
2023-11-04,SP,Marketplace,Informática,Corporativo,Produto_109,12,22595.47,18652.8,3942.67
2023-11-04,RJ,Representante,Acessórios,Distribuidor,Produto_75,1,540.04,388.46,151.58
2023-11-06,MG,Online,Móveis,Corporativo,Produto_44,13,12379.41,9978.63,2400.78
2023-11-06,RS,Marketplace,Eletrônicos,Corporativo,Produto_61,9,11871.13,7688.21,4182.91
2023-11-06,SC,Representante,Eletrônicos,Distribuidor,Produto_105,3,4673.99,2914.45,1759.54
2023-11-07,PR,Loja Física,Móveis,Distribuidor,Produto_11,4,9827.75,5492.52,4335.24
2023-11-07,SC,Representante,Eletrônicos,Distribuidor,Produto_105,8,1067.27,849.32,217.96
2023-11-07,MG,Online,Serviços,Distribuidor,Produto_1,9,15212.05,9932.75,5279.3
2023-11-07,BA,Online,Eletrônicos,Corporativo,Produto_48,3,1661.2,1271.13,390.06
2023-11-07,MG,Representante,Eletrônicos,Varejo,Produto_3,6,11782.42,8502.0,3280.42
2023-11-08,BA,Online,Móveis,Varejo,Produto_8,11,14510.16,10123.01,4387.15
2023-11-08,BA,Loja Física,Acessórios,Varejo,Produto_101,14,17296.44,11520.92,5775.53
2023-11-08,SP,Loja Física,Móveis,Distribuidor,Produto_118,4,3930.82,2987.61,943.21
2023-11-08,BA,Marketplace,Acessórios,Distribuidor,Produto_2,14,33111.31,23659.42,9451.89
2023-11-09,ES,Representante,Informática,Varejo,Produto_59,7,9170.6,5120.79,4049.82
2023-11-09,PR,Loja Física,Móveis,Corporativo,Produto_27,4,7313.36,5450.15,1863.21
2023-11-09,RJ,Representante,Eletrônicos,Distribuidor,Produto_118,7,13834.74,8561.26,5273.48
2023-11-09,ES,Loja Física,Móveis,Distribuidor,Produto_97,2,2436.53,1792.67,643.86
2023-11-10,RS,Online,Móveis,Corporativo,Produto_39,6,996.76,826.16,170.6
2023-11-10,RJ,Online,Acessórios,Distribuidor,Produto_81,4,3797.33,2900.34,897.0
2023-11-11,RS,Loja Física,Eletrônicos,Varejo,Produto_21,6,10082.45,6460.41,3622.04
2023-11-11,PR,Online,Acessórios,Corporativo,Produto_36,8,2947.42,1904.93,1042.49
2023-11-12,RS,Online,Serviços,Corporativo,Produto_93,12,20690.09,12762.31,7927.77
2023-11-12,RS,Representante,Informática,Corporativo,Produto_47,12,13655.5,9848.74,3806.76
2023-11-12,MG,Loja Física,Serviços,Corporativo,Produto_117,9,21925.28,17810.25,4115.02
2023-11-13,ES,Online,Eletrônicos,Distribuidor,Produto_74,5,675.69,548.74,126.95
2023-11-13,RS,Representante,Eletrônicos,Distribuidor,Produto_69,7,5778.46,4797.69,980.77
2023-11-13,MG,Representante,Informática,Corporativo,Produto_75,4,7634.65,4680.72,2953.93
2023-11-13,RJ,Loja Física,Eletrônicos,Distribuidor,Produto_59,13,21505.74,14809.59,6696.15
2023-11-13,SP,Online,Serviços,Varejo,Produto_48,1,942.51,777.72,164.8
2023-11-13,MG,Representante,Móveis,Distribuidor,Produto_27,6,4706.02,3417.83,1288.19
2023-11-13,SC,Marketplace,Informática,Corporativo,Produto_92,4,7919.48,4425.62,3493.85
2023-11-14,RS,Online,Serviços,Varejo,Produto_12,5,4211.99,3053.76,1158.22
2023-11-14,PR,Online,Serviços,Corporativo,Produto_79,5,2048.26,1294.66,753.61
2023-11-14,RJ,Representante,Eletrônicos,Distribuidor,Produto_57,5,5166.51,3897.73,1268.78
2023-11-15,SC,Loja Física,Serviços,Varejo,Produto_78,14,30623.77,22677.83,7945.95
2023-11-15,RJ,Representante,Serviços,Distribuidor,Produto_72,6,743.37,440.63,302.75
2023-11-15,MG,Representante,Móveis,Corporativo,Produto_96,11,701.86,573.91,127.94
2023-11-15,BA,Loja Física,Eletrônicos,Corporativo,Produto_114,10,9157.55,6776.85,2380.7
2023-11-15,BA,Marketplace,Informática,Varejo,Produto_54,14,31017.5,22734.58,8282.92
2023-11-15,SC,Loja Física,Móveis,Corporativo,Produto_72,14,21043.77,15459.82,5583.95
2023-11-16,SC,Online,Informática,Corporativo,Produto_70,4,3530.3,2653.13,877.17
2023-11-16,PR,Marketplace,Eletrônicos,Corporativo,Produto_118,11,27030.11,16814.72,10215.39
2023-11-16,SP,Loja Física,Serviços,Varejo,Produto_95,7,6057.01,3977.04,2079.97
2023-11-17,SP,Loja Física,Móveis,Varejo,Produto_100,3,386.39,223.37,163.02
2023-11-17,BA,Representante,Serviços,Varejo,Produto_43,14,31565.87,24494.77,7071.1
2023-11-17,RJ,Online,Serviços,Corporativo,Produto_37,4,2655.03,1994.8,660.23
2023-11-17,MG,Online,Acessórios,Distribuidor,Produto_77,1,1705.58,1096.28,609.3
2023-11-18,RS,Marketplace,Acessórios,Varejo,Produto_99,9,17397.08,10658.71,6738.37
2023-11-18,RJ,Online,Serviços,Distribuidor,Produto_116,8,6489.1,5358.59,1130.51
2023-11-18,SP,Online,Eletrônicos,Corporativo,Produto_53,4,4839.66,3428.28,1411.38
2023-11-18,RJ,Online,Eletrônicos,Distribuidor,Produto_12,14,3559.85,2240.14,1319.71
2023-11-19,RJ,Loja Física,Serviços,Corporativo,Produto_79,9,14703.79,12320.69,2383.11
2023-11-19,PR,Representante,Acessórios,Distribuidor,Produto_25,3,4481.95,3770.58,711.37
2023-11-19,BA,Loja Física,Informática,Corporativo,Produto_1,11,9886.86,7428.55,2458.31
2023-11-19,SC,Representante,Eletrônicos,Distribuidor,Produto_19,6,4313.28,2400.82,1912.46
2023-11-20,MG,Marketplace,Acessórios,Varejo,Produto_20,8,12660.91,8818.7,3842.21
2023-11-20,RS,Marketplace,Eletrônicos,Distribuidor,Produto_62,9,7590.91,5287.12,2303.79
2023-11-20,BA,Online,Acessórios,Distribuidor,Produto_4,4,6998.1,4183.31,2814.79
2023-11-20,PR,Marketplace,Serviços,Corporativo,Produto_117,1,993.13,634.18,358.95
2023-11-20,RS,Representante,Móveis,Corporativo,Produto_32,2,4355.47,2762.64,1592.82
2023-11-21,BA,Loja Física,Móveis,Distribuidor,Produto_87,10,4997.3,4068.36,928.94
2023-11-21,RS,Loja Física,Eletrônicos,Corporativo,Produto_82,1,2428.96,1781.14,647.82
2023-11-21,BA,Loja Física,Serviços,Corporativo,Produto_70,10,4463.45,2755.86,1707.59
2023-11-21,MG,Online,Serviços,Distribuidor,Produto_23,13,7002.17,5316.34,1685.83
2023-11-22,BA,Marketplace,Informática,Distribuidor,Produto_81,9,21701.24,18434.32,3266.92
2023-11-22,ES,Marketplace,Serviços,Varejo,Produto_83,10,16837.49,10244.95,6592.54
2023-11-23,MG,Loja Física,Eletrônicos,Corporativo,Produto_41,12,17845.73,11934.82,5910.9
2023-11-24,SC,Loja Física,Serviços,Distribuidor,Produto_51,8,2786.62,2063.13,723.49
2023-11-24,SC,Online,Informática,Distribuidor,Produto_105,9,18750.56,15370.52,3380.04
2023-11-25,PR,Marketplace,Eletrônicos,Corporativo,Produto_1,10,7465.83,4815.74,2650.09
2023-11-25,MG,Online,Móveis,Corporativo,Produto_19,4,6500.26,4371.58,2128.69
2023-11-25,SP,Online,Informática,Corporativo,Produto_46,1,986.18,618.31,367.87
2023-11-25,PR,Representante,Informática,Varejo,Produto_51,5,11713.56,8110.4,3603.17
2023-11-25,RJ,Representante,Informática,Varejo,Produto_24,7,576.92,427.8,149.11
2023-11-25,RS,Representante,Móveis,Varejo,Produto_26,12,3636.83,2414.41,1222.42
2023-11-25,BA,Representante,Serviços,Distribuidor,Produto_24,1,1145.3,799.66,345.64
2023-11-26,BA,Marketplace,Acessórios,Distribuidor,Produto_84,8,13804.13,9676.88,4127.25
2023-11-26,SC,Marketplace,Eletrônicos,Distribuidor,Produto_94,4,509.49,351.27,158.22
2023-11-27,SC,Marketplace,Acessórios,Varejo,Produto_5,5,6327.49,5329.56,997.93
2023-11-27,BA,Online,Informática,Distribuidor,Produto_41,1,215.5,128.29,87.21
2023-11-27,RJ,Representante,Eletrônicos,Varejo,Produto_49,14,16432.07,11335.54,5096.53
2023-11-27,SC,Loja Física,Eletrônicos,Varejo,Produto_74,12,9305.18,7053.41,2251.77
2023-11-27,RJ,Loja Física,Eletrônicos,Distribuidor,Produto_86,14,5179.95,3931.23,1248.72
2023-11-28,PR,Loja Física,Acessórios,Varejo,Produto_25,1,1612.18,1054.99,557.19
2023-11-28,ES,Marketplace,Eletrônicos,Distribuidor,Produto_80,7,3305.15,1957.44,1347.71
2023-11-28,SC,Marketplace,Eletrônicos,Corporativo,Produto_42,4,5705.2,4739.32,965.88
2023-11-28,BA,Online,Eletrônicos,Varejo,Produto_39,14,16218.5,12339.91,3878.59
2023-11-28,SC,Representante,Acessórios,Corporativo,Produto_59,1,2258.59,1560.91,697.68
2023-11-28,BA,Loja Física,Eletrônicos,Distribuidor,Produto_23,11,9514.85,7515.58,1999.28
2023-11-28,BA,Marketplace,Eletrônicos,Corporativo,Produto_94,1,840.54,497.8,342.73
2023-11-29,SC,Marketplace,Acessórios,Varejo,Produto_115,6,3418.77,2791.44,627.33
2023-11-29,SC,Loja Física,Serviços,Distribuidor,Produto_50,2,1029.02,673.17,355.85
2023-11-30,RS,Loja Física,Serviços,Corporativo,Produto_113,12,1726.24,998.94,727.3
2023-11-30,PR,Marketplace,Serviços,Corporativo,Produto_7,7,12612.28,8161.6,4450.69
2023-11-30,RJ,Marketplace,Serviços,Varejo,Produto_17,5,10253.05,8411.57,1841.48
2023-11-30,MG,Online,Informática,Distribuidor,Produto_38,14,30101.97,17112.97,12989.0
2023-11-30,ES,Representante,Móveis,Varejo,Produto_63,13,2939.23,2368.58,570.65
2023-11-30,SP,Marketplace,Móveis,Distribuidor,Produto_77,8,18039.05,12169.47,5869.58
2023-12-01,MG,Online,Serviços,Distribuidor,Produto_29,2,1880.4,1106.64,773.76
2023-12-01,RS,Representante,Serviços,Corporativo,Produto_118,2,4945.3,2767.59,2177.72
2023-12-02,RS,Representante,Eletrônicos,Distribuidor,Produto_66,14,19852.85,12147.71,7705.14
2023-12-02,RJ,Representante,Serviços,Distribuidor,Produto_20,2,4202.72,3364.11,838.61
2023-12-02,SC,Loja Física,Móveis,Corporativo,Produto_79,8,17802.88,11441.48,6361.39
2023-12-03,ES,Loja Física,Serviços,Corporativo,Produto_16,10,24751.11,18223.84,6527.27
2023-12-03,SP,Online,Móveis,Distribuidor,Produto_118,8,16894.15,11902.24,4991.92
2023-12-03,SC,Loja Física,Informática,Corporativo,Produto_47,1,2181.01,1829.48,351.53
2023-12-03,BA,Loja Física,Informática,Corporativo,Produto_111,5,4500.35,3073.34,1427.01
2023-12-03,ES,Loja Física,Acessórios,Corporativo,Produto_52,2,4228.14,2497.3,1730.84
2023-12-04,SC,Online,Informática,Varejo,Produto_3,6,1865.72,1412.1,453.63
2023-12-04,PR,Online,Informática,Varejo,Produto_35,14,7450.64,4184.59,3266.05
2023-12-04,ES,Representante,Serviços,Distribuidor,Produto_94,5,5485.93,4508.12,977.81
2023-12-04,RS,Marketplace,Eletrônicos,Corporativo,Produto_98,10,23698.95,16425.37,7273.58
2023-12-05,PR,Online,Móveis,Corporativo,Produto_97,14,10476.11,5880.53,4595.58
2023-12-05,SP,Representante,Eletrônicos,Corporativo,Produto_101,9,11531.6,8324.27,3207.33
2023-12-06,MG,Marketplace,Móveis,Distribuidor,Produto_91,4,4415.16,3064.65,1350.51
2023-12-06,MG,Online,Acessórios,Varejo,Produto_37,1,2132.6,1432.26,700.34
2023-12-07,PR,Loja Física,Móveis,Varejo,Produto_54,13,23104.89,15968.3,7136.59
2023-12-07,ES,Loja Física,Informática,Corporativo,Produto_13,7,3295.19,1900.61,1394.58
2023-12-07,SP,Loja Física,Serviços,Corporativo,Produto_108,4,4179.55,2849.21,1330.34
2023-12-08,BA,Loja Física,Serviços,Corporativo,Produto_113,11,16264.55,13606.69,2657.86
2023-12-09,MG,Representante,Informática,Distribuidor,Produto_36,6,14557.4,9849.13,4708.28
2023-12-10,RS,Loja Física,Informática,Corporativo,Produto_1,7,15040.21,11548.89,3491.32
2023-12-10,SP,Online,Informática,Varejo,Produto_52,8,6160.25,3809.66,2350.59
2023-12-10,SC,Representante,Informática,Distribuidor,Produto_38,8,13969.79,11567.5,2402.29
2023-12-11,PR,Loja Física,Móveis,Corporativo,Produto_49,4,1376.89,887.63,489.26
2023-12-11,RJ,Representante,Móveis,Varejo,Produto_92,4,6037.67,3910.73,2126.94
2023-12-11,SP,Loja Física,Eletrônicos,Varejo,Produto_47,1,1086.03,640.01,446.02
2023-12-11,SC,Online,Informática,Distribuidor,Produto_93,9,12363.49,9618.08,2745.41
2023-12-11,SP,Representante,Informática,Distribuidor,Produto_22,3,6338.39,4387.56,1950.84
2023-12-12,ES,Marketplace,Acessórios,Distribuidor,Produto_19,6,10953.15,8606.99,2346.16
2023-12-12,RS,Loja Física,Informática,Corporativo,Produto_62,7,15594.37,12270.22,3324.15
2023-12-12,BA,Representante,Móveis,Corporativo,Produto_107,3,3248.9,1943.21,1305.7
2023-12-13,SC,Marketplace,Acessórios,Corporativo,Produto_86,1,234.14,190.28,43.85
2023-12-13,MG,Loja Física,Acessórios,Varejo,Produto_12,14,5951.42,4252.82,1698.59
2023-12-14,MG,Representante,Serviços,Distribuidor,Produto_56,3,3902.29,2822.1,1080.18
2023-12-14,RJ,Loja Física,Acessórios,Distribuidor,Produto_116,12,1161.47,712.63,448.84
2023-12-14,ES,Loja Física,Serviços,Distribuidor,Produto_14,1,1066.09,790.93,275.17
2023-12-16,SC,Loja Física,Informática,Corporativo,Produto_44,12,23033.98,18844.93,4189.05
2023-12-16,MG,Loja Física,Acessórios,Distribuidor,Produto_105,8,12094.17,9635.03,2459.14
2023-12-16,RJ,Marketplace,Acessórios,Varejo,Produto_20,6,3434.25,2677.54,756.7
2023-12-16,RS,Online,Móveis,Corporativo,Produto_83,9,2329.94,1306.06,1023.88
2023-12-16,RS,Online,Acessórios,Corporativo,Produto_8,12,1999.89,1328.94,670.95
2023-12-17,BA,Loja Física,Acessórios,Corporativo,Produto_26,3,1161.65,889.09,272.55
2023-12-17,SC,Loja Física,Móveis,Varejo,Produto_50,6,7913.24,5379.62,2533.62
2023-12-18,PR,Marketplace,Serviços,Varejo,Produto_36,4,7383.64,4884.18,2499.46
2023-12-19,SP,Loja Física,Eletrônicos,Distribuidor,Produto_35,11,19476.95,15885.83,3591.12
2023-12-19,RJ,Loja Física,Móveis,Corporativo,Produto_55,4,9287.86,7201.56,2086.3
2023-12-19,RS,Online,Eletrônicos,Corporativo,Produto_47,14,34915.9,24470.64,10445.27
2023-12-19,MG,Marketplace,Móveis,Varejo,Produto_12,14,26578.37,18874.18,7704.2
2023-12-19,ES,Loja Física,Informática,Distribuidor,Produto_116,3,3954.44,2446.83,1507.61
2023-12-19,BA,Loja Física,Informática,Distribuidor,Produto_85,12,13741.4,9937.69,3803.71
2023-12-20,RJ,Marketplace,Informática,Distribuidor,Produto_71,13,22824.94,17249.22,5575.72
2023-12-21,SC,Online,Móveis,Varejo,Produto_119,5,12126.04,7298.42,4827.63
2023-12-21,MG,Marketplace,Serviços,Distribuidor,Produto_93,4,6545.58,5150.21,1395.37
2023-12-22,SP,Online,Eletrônicos,Varejo,Produto_44,12,22059.39,16935.59,5123.8
2023-12-23,PR,Online,Serviços,Varejo,Produto_118,5,6830.77,5546.65,1284.12
2023-12-25,MG,Marketplace,Eletrônicos,Corporativo,Produto_80,13,27712.16,16751.26,10960.9
2023-12-25,SC,Marketplace,Informática,Corporativo,Produto_74,9,17989.78,11687.98,6301.8
2023-12-25,RJ,Online,Móveis,Distribuidor,Produto_93,6,9166.88,5547.55,3619.33
2023-12-25,MG,Marketplace,Eletrônicos,Distribuidor,Produto_2,8,6159.2,3666.26,2492.95
2023-12-26,ES,Marketplace,Eletrônicos,Distribuidor,Produto_14,8,13013.67,9536.33,3477.33
2023-12-26,MG,Loja Física,Acessórios,Varejo,Produto_6,9,10717.18,7772.8,2944.38
2023-12-26,RJ,Online,Serviços,Varejo,Produto_33,14,25548.92,21118.03,4430.89
2023-12-27,SP,Representante,Informática,Distribuidor,Produto_101,11,7567.59,4634.58,2933.02
2023-12-27,RJ,Online,Serviços,Varejo,Produto_77,2,196.69,145.86,50.83
2023-12-27,RJ,Loja Física,Móveis,Distribuidor,Produto_109,4,1452.38,942.68,509.69
2023-12-27,PR,Marketplace,Informática,Distribuidor,Produto_77,7,2799.19,2365.05,434.14
2023-12-28,ES,Loja Física,Informática,Varejo,Produto_98,4,9336.6,5421.0,3915.6
2023-12-28,SC,Representante,Móveis,Corporativo,Produto_62,11,21575.51,17625.88,3949.63
2023-12-28,RS,Representante,Móveis,Varejo,Produto_78,5,8647.04,5475.31,3171.73
2023-12-28,SC,Marketplace,Móveis,Distribuidor,Produto_54,3,7166.68,4814.67,2352.01
2023-12-28,RS,Loja Física,Acessórios,Varejo,Produto_78,8,14951.44,8321.76,6629.68
2023-12-28,MG,Representante,Móveis,Corporativo,Produto_66,1,426.5,357.23,69.28
2023-12-29,SP,Loja Física,Acessórios,Corporativo,Produto_115,11,13958.16,9861.95,4096.21
2023-12-29,BA,Online,Informática,Corporativo,Produto_38,11,23743.22,15821.76,7921.46
2023-12-29,SP,Online,Eletrônicos,Corporativo,Produto_5,1,1551.88,1151.05,400.84
2023-12-29,RS,Marketplace,Serviços,Varejo,Produto_74,4,9290.9,7459.54,1831.36
2023-12-30,BA,Representante,Eletrônicos,Varejo,Produto_96,6,3895.81,2957.56,938.24
2023-12-30,RJ,Loja Física,Acessórios,Varejo,Produto_102,3,4461.75,3737.09,724.67
2023-12-30,ES,Loja Física,Acessórios,Distribuidor,Produto_86,4,7051.94,5484.15,1567.78
2023-12-30,SP,Marketplace,Acessórios,Corporativo,Produto_80,7,4740.14,3609.64,1130.5
2023-12-30,PR,Loja Física,Serviços,Corporativo,Produto_30,14,18726.35,11300.59,7425.77
2023-12-31,RJ,Marketplace,Acessórios,Corporativo,Produto_50,2,680.14,535.82,144.32
2023-12-31,SP,Representante,Móveis,Distribuidor,Produto_92,12,10821.37,7882.9,2938.47
2023-12-31,RJ,Representante,Informática,Corporativo,Produto_87,7,1316.89,839.96,476.93
2023-12-31,RS,Online,Acessórios,Distribuidor,Produto_5,5,9069.87,5138.21,3931.66
2023-12-31,SP,Representante,Eletrônicos,Corporativo,Produto_104,2,1165.56,656.55,509.02
2024-01-01,BA,Marketplace,Móveis,Corporativo,Produto_68,3,1100.95,678.97,421.97
2024-01-01,SC,Representante,Móveis,Varejo,Produto_83,1,2183.28,1715.24,468.04
2024-01-01,MG,Online,Informática,Varejo,Produto_64,3,1744.53,1169.05,575.48
2024-01-02,RJ,Representante,Informática,Distribuidor,Produto_72,11,14830.44,11704.36,3126.08
2024-01-02,SC,Marketplace,Eletrônicos,Corporativo,Produto_78,4,7005.09,4171.15,2833.95
2024-01-03,RJ,Online,Eletrônicos,Varejo,Produto_108,11,25033.09,19134.36,5898.73
2024-01-03,BA,Loja Física,Acessórios,Distribuidor,Produto_57,4,7525.12,4916.25,2608.87
2024-01-03,PR,Loja Física,Informática,Corporativo,Produto_49,1,349.52,261.41,88.11
2024-01-03,SC,Marketplace,Eletrônicos,Distribuidor,Produto_113,9,7550.81,5281.31,2269.5
2024-01-05,PR,Marketplace,Serviços,Corporativo,Produto_54,3,4997.55,3311.75,1685.79
2024-01-06,RS,Representante,Informática,Varejo,Produto_88,10,4625.44,3792.71,832.73
2024-01-06,RS,Marketplace,Móveis,Distribuidor,Produto_36,3,5665.1,3686.77,1978.32
2024-01-07,RS,Online,Informática,Varejo,Produto_1,1,381.31,270.06,111.24
2024-01-07,SC,Representante,Informática,Varejo,Produto_70,10,10159.04,7491.7,2667.34
2024-01-07,BA,Marketplace,Eletrônicos,Corporativo,Produto_92,5,8124.09,5347.36,2776.72
2024-01-07,SC,Marketplace,Informática,Distribuidor,Produto_88,13,31494.54,17744.43,13750.1
2024-01-08,SP,Loja Física,Eletrônicos,Varejo,Produto_87,10,23749.9,19731.94,4017.96
2024-01-08,PR,Online,Serviços,Varejo,Produto_6,6,14310.23,12121.47,2188.76
2024-01-08,ES,Marketplace,Informática,Distribuidor,Produto_27,11,1043.71,743.01,300.7
2024-01-08,RJ,Loja Física,Móveis,Corporativo,Produto_92,10,7343.29,5326.51,2016.79
2024-01-09,ES,Loja Física,Informática,Corporativo,Produto_28,14,30083.2,20903.65,9179.54
2024-01-09,SP,Online,Informática,Distribuidor,Produto_96,13,27318.88,22386.9,4931.98
2024-01-09,BA,Marketplace,Acessórios,Varejo,Produto_20,2,3528.87,2300.66,1228.21
2024-01-09,RJ,Loja Física,Eletrônicos,Corporativo,Produto_9,7,8420.65,4778.48,3642.17
2024-01-10,MG,Representante,Serviços,Corporativo,Produto_89,10,17813.75,14259.66,3554.09
2024-01-10,BA,Loja Física,Informática,Corporativo,Produto_85,1,968.33,633.97,334.37
2024-01-10,SC,Marketplace,Eletrônicos,Distribuidor,Produto_11,7,11730.0,9552.75,2177.25
2024-01-11,RS,Marketplace,Móveis,Corporativo,Produto_32,2,4446.24,3248.75,1197.49
2024-01-11,PR,Loja Física,Informática,Varejo,Produto_47,7,8848.25,6039.97,2808.27
2024-01-11,ES,Loja Física,Informática,Corporativo,Produto_77,5,5147.95,3595.75,1552.19
2024-01-12,RJ,Online,Eletrônicos,Corporativo,Produto_22,6,8535.4,4816.74,3718.65
2024-01-12,SP,Loja Física,Acessórios,Distribuidor,Produto_115,10,4630.79,3314.17,1316.62
2024-01-12,MG,Marketplace,Informática,Varejo,Produto_39,10,23324.4,16173.89,7150.51
2024-01-13,SC,Representante,Eletrônicos,Varejo,Produto_30,1,1886.14,1100.49,785.65
2024-01-13,SC,Representante,Eletrônicos,Corporativo,Produto_71,14,28964.2,18523.11,10441.1
2024-01-13,SC,Loja Física,Serviços,Varejo,Produto_84,8,17585.93,13089.44,4496.49
2024-01-14,SC,Representante,Informática,Varejo,Produto_2,13,25017.43,20339.8,4677.64
2024-01-15,ES,Representante,Móveis,Corporativo,Produto_17,8,9034.23,7297.79,1736.44
2024-01-15,ES,Online,Informática,Varejo,Produto_22,5,11014.69,7099.81,3914.88
2024-01-15,PR,Online,Informática,Corporativo,Produto_32,5,791.58,460.86,330.72
2024-01-16,ES,Online,Acessórios,Varejo,Produto_85,14,30489.7,24291.67,6198.03
2024-01-16,SP,Marketplace,Serviços,Corporativo,Produto_15,12,16423.09,10976.57,5446.53
2024-01-16,BA,Loja Física,Serviços,Distribuidor,Produto_47,13,20293.11,15383.28,4909.83
2024-01-16,SP,Online,Móveis,Distribuidor,Produto_24,2,2138.65,1315.05,823.6
2024-01-17,SC,Loja Física,Serviços,Corporativo,Produto_42,14,2263.43,1732.07,531.36
2024-01-17,RS,Loja Física,Informática,Corporativo,Produto_60,10,24825.15,18417.75,6407.41
2024-01-17,RS,Representante,Serviços,Distribuidor,Produto_51,5,3558.67,2267.84,1290.83
2024-01-18,ES,Loja Física,Serviços,Corporativo,Produto_29,13,23571.01,15260.98,8310.04
2024-01-18,ES,Loja Física,Acessórios,Corporativo,Produto_6,13,1150.57,809.13,341.44
2024-01-18,RS,Online,Móveis,Corporativo,Produto_41,4,6300.36,5351.22,949.14
2024-01-18,RJ,Loja Física,Acessórios,Corporativo,Produto_89,7,6562.22,5456.29,1105.93
2024-01-19,BA,Representante,Móveis,Distribuidor,Produto_48,4,3825.3,2958.44,866.85
2024-01-19,ES,Representante,Acessórios,Distribuidor,Produto_92,6,4275.38,3622.05,653.33
2024-01-19,MG,Online,Móveis,Varejo,Produto_110,12,7531.14,4664.57,2866.57
2024-01-19,PR,Marketplace,Informática,Varejo,Produto_107,13,29509.66,24710.23,4799.43
2024-01-20,PR,Marketplace,Móveis,Varejo,Produto_3,12,7232.05,4090.25,3141.8
2024-01-20,ES,Online,Móveis,Distribuidor,Produto_16,14,30681.17,19809.7,10871.47
2024-01-20,RS,Online,Móveis,Distribuidor,Produto_93,3,7026.26,4654.21,2372.05
2024-01-20,BA,Online,Eletrônicos,Varejo,Produto_36,10,20537.98,12790.27,7747.71
2024-01-20,PR,Loja Física,Serviços,Varejo,Produto_111,2,3951.89,2972.64,979.25
2024-01-21,RS,Representante,Acessórios,Corporativo,Produto_27,1,1890.86,1300.23,590.64
2024-01-23,BA,Marketplace,Informática,Distribuidor,Produto_64,3,3674.55,2157.7,1516.85
2024-01-23,MG,Loja Física,Acessórios,Distribuidor,Produto_99,6,14180.58,11338.22,2842.36
2024-01-23,RS,Loja Física,Eletrônicos,Corporativo,Produto_1,6,10927.67,7456.06,3471.61
2024-01-23,ES,Loja Física,Eletrônicos,Corporativo,Produto_61,4,2475.41,1788.14,687.27
2024-01-23,BA,Loja Física,Acessórios,Varejo,Produto_73,12,17113.43,13510.39,3603.04
2024-01-23,ES,Online,Serviços,Corporativo,Produto_93,1,2435.81,1367.05,1068.76
2024-01-23,PR,Marketplace,Serviços,Varejo,Produto_82,5,4725.87,2980.94,1744.93
2024-01-24,PR,Loja Física,Eletrônicos,Corporativo,Produto_96,2,475.69,262.66,213.04
2024-01-25,SC,Online,Serviços,Varejo,Produto_79,14,7106.46,5309.03,1797.43
2024-01-26,SC,Online,Móveis,Varejo,Produto_14,3,3896.61,2810.31,1086.29
2024-01-26,SC,Marketplace,Informática,Distribuidor,Produto_39,3,5958.3,4708.82,1249.48
2024-01-26,SC,Representante,Eletrônicos,Corporativo,Produto_44,13,12245.4,8683.85,3561.55
2024-01-26,MG,Loja Física,Informática,Distribuidor,Produto_36,1,810.73,660.49,150.24
2024-01-26,RJ,Representante,Informática,Distribuidor,Produto_32,5,1072.08,781.77,290.31
2024-01-26,SC,Loja Física,Acessórios,Corporativo,Produto_45,4,7113.26,5464.62,1648.63
2024-01-27,MG,Representante,Acessórios,Corporativo,Produto_93,7,11146.1,7876.77,3269.33
2024-01-27,RJ,Representante,Móveis,Varejo,Produto_71,9,3762.24,2920.48,841.76
2024-01-27,MG,Marketplace,Serviços,Varejo,Produto_61,1,923.1,577.56,345.54
2024-01-28,SC,Loja Física,Serviços,Distribuidor,Produto_52,3,5588.01,4296.52,1291.49
2024-01-28,RJ,Marketplace,Acessórios,Corporativo,Produto_70,10,1934.79,1310.33,624.46
2024-01-29,ES,Loja Física,Eletrônicos,Distribuidor,Produto_76,2,2217.21,1324.82,892.39
2024-01-29,MG,Representante,Serviços,Varejo,Produto_53,13,20292.66,16957.02,3335.64
2024-01-29,SP,Marketplace,Eletrônicos,Corporativo,Produto_37,9,8886.08,5690.46,3195.62
2024-01-29,RJ,Loja Física,Serviços,Varejo,Produto_5,11,22232.15,14320.74,7911.41
2024-01-29,SP,Loja Física,Eletrônicos,Varejo,Produto_3,14,19735.65,11099.63,8636.02
2024-01-29,RS,Marketplace,Serviços,Varejo,Produto_42,4,3314.05,2485.96,828.1
2024-01-29,MG,Loja Física,Acessórios,Distribuidor,Produto_20,7,12229.93,6908.49,5321.44
2024-01-30,MG,Loja Física,Eletrônicos,Corporativo,Produto_86,12,28293.64,16668.05,11625.59
2024-01-30,ES,Representante,Informática,Corporativo,Produto_43,13,22835.02,13718.86,9116.16
2024-01-30,PR,Representante,Eletrônicos,Distribuidor,Produto_24,3,6197.44,4792.17,1405.27
2024-01-31,BA,Representante,Acessórios,Corporativo,Produto_101,14,2856.64,2423.64,433.0
2024-01-31,PR,Representante,Serviços,Varejo,Produto_6,14,24539.85,16454.29,8085.57
2024-02-01,SP,Online,Móveis,Varejo,Produto_111,10,11932.21,7109.87,4822.34
2024-02-01,RS,Loja Física,Serviços,Distribuidor,Produto_84,6,3654.21,2709.64,944.57
2024-02-01,RJ,Representante,Serviços,Distribuidor,Produto_60,13,18816.48,14613.6,4202.88
2024-02-01,MG,Online,Acessórios,Varejo,Produto_60,4,6276.31,3800.81,2475.5
2024-02-01,MG,Loja Física,Eletrônicos,Corporativo,Produto_95,5,6300.17,3996.62,2303.55
2024-02-02,MG,Online,Acessórios,Varejo,Produto_78,14,3478.81,2525.71,953.1
2024-02-03,MG,Marketplace,Móveis,Varejo,Produto_32,6,12804.09,7774.96,5029.12
2024-02-03,RS,Marketplace,Acessórios,Varejo,Produto_41,8,4129.94,2634.63,1495.31
2024-02-03,SP,Representante,Informática,Varejo,Produto_12,10,744.29,529.93,214.35
2024-02-03,PR,Loja Física,Acessórios,Corporativo,Produto_45,6,12240.75,10287.99,1952.76
2024-02-03,RS,Loja Física,Acessórios,Corporativo,Produto_33,11,12245.13,9809.94,2435.19
2024-02-03,RJ,Marketplace,Móveis,Varejo,Produto_17,4,4415.82,3501.19,914.63
2024-02-04,SP,Online,Eletrônicos,Corporativo,Produto_56,14,3960.73,2957.78,1002.96
2024-02-04,MG,Online,Informática,Corporativo,Produto_25,11,13801.65,11682.08,2119.58
2024-02-04,PR,Marketplace,Informática,Corporativo,Produto_47,3,4725.81,3409.03,1316.78
2024-02-04,ES,Marketplace,Serviços,Distribuidor,Produto_48,8,7872.81,4353.21,3519.6
2024-02-05,RJ,Representante,Eletrônicos,Distribuidor,Produto_23,14,3029.86,2151.47,878.38
2024-02-06,SC,Representante,Acessórios,Distribuidor,Produto_62,4,7209.17,4885.11,2324.06
2024-02-06,RS,Online,Eletrônicos,Corporativo,Produto_73,6,10426.12,7351.3,3074.82
2024-02-06,MG,Online,Acessórios,Corporativo,Produto_95,11,1724.88,1120.78,604.1
2024-02-07,SC,Marketplace,Eletrônicos,Varejo,Produto_27,9,15433.14,12482.94,2950.2
2024-02-07,MG,Marketplace,Serviços,Varejo,Produto_91,4,6442.18,4368.23,2073.96
2024-02-07,SC,Representante,Serviços,Corporativo,Produto_42,12,1063.77,612.37,451.4
2024-02-07,PR,Representante,Serviços,Distribuidor,Produto_47,7,1035.76,769.21,266.55
2024-02-08,PR,Marketplace,Informática,Varejo,Produto_7,3,5157.23,3377.79,1779.44
2024-02-08,SP,Online,Móveis,Distribuidor,Produto_51,8,12118.54,10093.37,2025.17
2024-02-08,MG,Online,Informática,Varejo,Produto_5,11,13168.46,8256.47,4911.99
2024-02-08,RS,Representante,Serviços,Corporativo,Produto_9,13,8281.1,6023.77,2257.33
2024-02-08,BA,Online,Móveis,Varejo,Produto_85,14,19297.61,13799.54,5498.07
2024-02-09,ES,Representante,Móveis,Distribuidor,Produto_90,5,7780.78,5741.93,2038.84
2024-02-09,PR,Marketplace,Informática,Varejo,Produto_59,12,26083.58,16405.47,9678.11
2024-02-09,SC,Online,Eletrônicos,Distribuidor,Produto_25,5,3493.4,2587.86,905.54
2024-02-10,MG,Marketplace,Serviços,Corporativo,Produto_86,2,2983.58,2453.02,530.56
2024-02-10,MG,Online,Eletrônicos,Varejo,Produto_69,8,17889.83,11614.27,6275.56
2024-02-10,SP,Representante,Acessórios,Varejo,Produto_21,7,1818.54,1537.11,281.43
2024-02-10,SC,Loja Física,Serviços,Distribuidor,Produto_99,2,1823.01,1201.49,621.52
2024-02-10,ES,Marketplace,Serviços,Varejo,Produto_5,10,15856.04,10158.26,5697.78
2024-02-11,MG,Loja Física,Acessórios,Varejo,Produto_12,8,3273.96,2580.9,693.07
2024-02-11,SP,Online,Móveis,Distribuidor,Produto_50,10,22495.21,14459.35,8035.86
2024-02-11,BA,Marketplace,Serviços,Distribuidor,Produto_87,1,1243.19,890.0,353.19
2024-02-11,PR,Online,Serviços,Varejo,Produto_72,8,6124.09,5169.44,954.65
2024-02-11,ES,Online,Serviços,Distribuidor,Produto_64,4,8475.35,4749.88,3725.46
2024-02-12,RJ,Online,Móveis,Distribuidor,Produto_53,10,12513.77,7375.44,5138.33
2024-02-12,RS,Representante,Informática,Varejo,Produto_21,2,252.57,163.06,89.51
2024-02-13,MG,Online,Eletrônicos,Varejo,Produto_69,5,4227.32,3436.01,791.3
2024-02-13,PR,Representante,Acessórios,Corporativo,Produto_119,10,23661.48,14762.66,8898.81
2024-02-13,MG,Marketplace,Serviços,Distribuidor,Produto_24,11,18454.34,11571.26,6883.07
2024-02-14,RJ,Representante,Eletrônicos,Distribuidor,Produto_108,3,1098.82,819.52,279.3
2024-02-14,PR,Loja Física,Informática,Corporativo,Produto_16,3,2005.49,1269.78,735.7
2024-02-14,RS,Marketplace,Eletrônicos,Corporativo,Produto_62,4,1097.04,696.03,401.01
2024-02-14,PR,Online,Serviços,Distribuidor,Produto_32,6,13371.03,10125.7,3245.33
2024-02-14,MG,Representante,Serviços,Distribuidor,Produto_17,13,15896.17,10613.54,5282.64
2024-02-14,MG,Marketplace,Informática,Corporativo,Produto_11,10,11818.99,7872.9,3946.09
2024-02-15,SC,Representante,Acessórios,Varejo,Produto_114,3,2030.74,1544.49,486.25
2024-02-16,SC,Representante,Móveis,Distribuidor,Produto_106,4,7639.24,5418.85,2220.39
2024-02-17,SC,Representante,Informática,Corporativo,Produto_26,14,13792.65,11571.42,2221.23
2024-02-18,PR,Online,Acessórios,Distribuidor,Produto_96,14,33214.25,21458.48,11755.77
2024-02-18,PR,Marketplace,Acessórios,Varejo,Produto_5,5,3542.15,2728.59,813.56
2024-02-18,SP,Online,Acessórios,Corporativo,Produto_101,14,24315.13,18550.99,5764.14
2024-02-18,PR,Loja Física,Móveis,Distribuidor,Produto_65,6,2770.93,2060.07,710.86
2024-02-18,ES,Marketplace,Acessórios,Varejo,Produto_59,2,3697.34,3119.54,577.8
2024-02-19,SP,Marketplace,Acessórios,Varejo,Produto_92,4,892.58,692.19,200.39
2024-02-20,SC,Loja Física,Informática,Distribuidor,Produto_89,11,10289.26,7749.34,2539.92
2024-02-20,RJ,Representante,Acessórios,Varejo,Produto_21,10,10581.38,6833.4,3747.97
2024-02-20,SC,Representante,Acessórios,Corporativo,Produto_7,2,528.5,370.02,158.48
2024-02-20,BA,Loja Física,Eletrônicos,Corporativo,Produto_51,3,4054.82,2490.84,1563.98
2024-02-20,BA,Loja Física,Informática,Corporativo,Produto_47,2,4136.67,2629.05,1507.62
2024-02-20,ES,Representante,Móveis,Distribuidor,Produto_11,3,2847.91,1984.08,863.83
2024-02-21,SP,Online,Serviços,Corporativo,Produto_25,9,19215.36,13641.8,5573.57
2024-02-22,PR,Loja Física,Móveis,Corporativo,Produto_14,5,3514.59,2157.62,1356.97
2024-02-22,MG,Marketplace,Informática,Distribuidor,Produto_33,5,5724.72,4638.32,1086.4
2024-02-22,BA,Loja Física,Informática,Distribuidor,Produto_113,11,17044.74,11444.99,5599.74
2024-02-22,BA,Representante,Informática,Corporativo,Produto_23,5,5835.07,4378.28,1456.79
2024-02-23,RJ,Loja Física,Informática,Distribuidor,Produto_8,5,7902.98,6040.52,1862.46
2024-02-23,RS,Marketplace,Serviços,Distribuidor,Produto_9,3,2670.09,2217.12,452.97
2024-02-23,ES,Online,Serviços,Distribuidor,Produto_6,10,2531.48,1543.62,987.86
2024-02-23,RS,Representante,Serviços,Distribuidor,Produto_106,13,23118.03,17540.74,5577.3
2024-02-24,RJ,Loja Física,Eletrônicos,Varejo,Produto_113,1,670.96,469.58,201.38
2024-02-24,PR,Representante,Acessórios,Corporativo,Produto_25,6,12092.02,8968.45,3123.57
2024-02-25,RJ,Representante,Eletrônicos,Varejo,Produto_89,1,2068.76,1676.95,391.82
2024-02-25,PR,Marketplace,Eletrônicos,Distribuidor,Produto_52,10,12513.59,9347.89,3165.69
2024-02-25,RJ,Loja Física,Serviços,Varejo,Produto_103,13,26750.46,21655.86,5094.61
2024-02-25,RS,Loja Física,Serviços,Corporativo,Produto_83,7,4204.71,2391.93,1812.78
2024-02-25,SP,Loja Física,Móveis,Varejo,Produto_104,2,699.46,578.67,120.79
2024-02-26,MG,Online,Móveis,Distribuidor,Produto_112,9,9811.81,6930.04,2881.78
2024-02-26,ES,Online,Informática,Corporativo,Produto_10,12,8614.27,5984.03,2630.24
2024-02-26,RS,Online,Móveis,Varejo,Produto_97,14,737.28,475.89,261.4
2024-02-26,ES,Representante,Eletrônicos,Distribuidor,Produto_48,4,5686.88,3678.21,2008.67
2024-02-27,PR,Loja Física,Eletrônicos,Distribuidor,Produto_90,7,8726.76,6696.77,2029.99
2024-02-27,RS,Loja Física,Acessórios,Corporativo,Produto_7,11,14196.71,11104.35,3092.36
2024-02-27,RS,Marketplace,Eletrônicos,Varejo,Produto_78,13,15083.04,12596.34,2486.7
2024-02-27,ES,Online,Informática,Distribuidor,Produto_23,1,2060.92,1551.23,509.69
2024-02-28,SP,Loja Física,Móveis,Corporativo,Produto_56,9,1986.29,1344.55,641.73
2024-02-28,SC,Representante,Eletrônicos,Distribuidor,Produto_52,11,20298.12,13442.46,6855.66
2024-02-28,PR,Loja Física,Acessórios,Corporativo,Produto_61,2,2706.27,2131.85,574.42
2024-02-28,MG,Loja Física,Serviços,Varejo,Produto_28,11,19533.2,12831.15,6702.06
2024-02-28,PR,Marketplace,Acessórios,Corporativo,Produto_44,4,5867.41,4080.56,1786.85
2024-02-29,BA,Loja Física,Móveis,Corporativo,Produto_80,4,8263.09,4666.31,3596.78
2024-03-01,RS,Online,Eletrônicos,Corporativo,Produto_111,7,3590.06,2144.49,1445.57
2024-03-01,PR,Loja Física,Móveis,Varejo,Produto_53,10,23070.58,16033.39,7037.19
2024-03-01,MG,Loja Física,Acessórios,Varejo,Produto_112,7,16940.94,12759.05,4181.89
2024-03-01,RJ,Online,Móveis,Varejo,Produto_38,14,29713.23,22112.47,7600.76
2024-03-02,BA,Marketplace,Móveis,Distribuidor,Produto_63,3,6275.54,4210.01,2065.53
2024-03-02,MG,Online,Serviços,Corporativo,Produto_14,6,5486.81,3995.39,1491.42
2024-03-02,BA,Marketplace,Móveis,Corporativo,Produto_43,2,1815.93,1054.55,761.37
2024-03-02,RS,Loja Física,Móveis,Varejo,Produto_65,11,7215.94,6064.03,1151.91
2024-03-02,RJ,Loja Física,Móveis,Distribuidor,Produto_44,6,10618.72,6558.13,4060.59
2024-03-02,PR,Marketplace,Móveis,Distribuidor,Produto_99,6,14407.88,9790.96,4616.92
2024-03-03,SC,Representante,Informática,Corporativo,Produto_81,6,4034.32,2961.12,1073.2
2024-03-03,SP,Representante,Serviços,Distribuidor,Produto_17,10,10515.94,8719.95,1795.99
2024-03-03,ES,Representante,Eletrônicos,Varejo,Produto_108,8,18052.09,12568.6,5483.49
2024-03-03,BA,Representante,Eletrônicos,Varejo,Produto_86,7,10913.23,6625.81,4287.43
2024-03-03,RJ,Marketplace,Acessórios,Distribuidor,Produto_11,4,1447.73,887.72,560.01
2024-03-04,PR,Loja Física,Acessórios,Corporativo,Produto_79,11,15683.09,9863.27,5819.82
2024-03-04,RS,Online,Eletrônicos,Corporativo,Produto_5,10,14389.03,10236.85,4152.18
2024-03-05,MG,Loja Física,Informática,Corporativo,Produto_74,9,18074.34,10298.15,7776.2
2024-03-05,SP,Representante,Informática,Corporativo,Produto_51,1,1132.53,766.71,365.82
2024-03-05,SC,Representante,Informática,Corporativo,Produto_77,1,1790.17,1447.02,343.15
2024-03-06,SC,Loja Física,Móveis,Distribuidor,Produto_103,11,7962.72,5122.52,2840.19
2024-03-06,SC,Marketplace,Eletrônicos,Corporativo,Produto_20,10,8567.21,7124.82,1442.39
2024-03-06,MG,Online,Eletrônicos,Varejo,Produto_81,8,11003.06,8532.59,2470.47
2024-03-06,SC,Loja Física,Informática,Corporativo,Produto_22,5,11644.22,6687.57,4956.65
2024-03-06,ES,Representante,Acessórios,Corporativo,Produto_113,10,22275.28,12504.63,9770.64
2024-03-06,SC,Online,Acessórios,Varejo,Produto_37,10,16094.99,8981.88,7113.11
2024-03-06,RJ,Loja Física,Serviços,Varejo,Produto_84,14,17494.8,11540.59,5954.2
2024-03-07,SP,Marketplace,Móveis,Varejo,Produto_68,9,17286.3,12245.79,5040.51
2024-03-07,BA,Representante,Móveis,Corporativo,Produto_36,4,9475.72,8016.38,1459.34
2024-03-07,RJ,Marketplace,Acessórios,Varejo,Produto_38,5,1421.7,936.43,485.26
2024-03-08,PR,Loja Física,Serviços,Varejo,Produto_47,14,14650.64,8584.08,6066.56
2024-03-08,ES,Marketplace,Serviços,Corporativo,Produto_52,13,10408.24,7187.44,3220.8
2024-03-08,SC,Online,Móveis,Corporativo,Produto_79,3,1929.43,1518.49,410.94
2024-03-08,BA,Representante,Eletrônicos,Varejo,Produto_103,7,5028.91,2946.77,2082.14
2024-03-10,SC,Representante,Acessórios,Varejo,Produto_46,12,8316.33,6204.23,2112.1
2024-03-10,RS,Loja Física,Acessórios,Varejo,Produto_101,7,3240.13,2591.18,648.95
2024-03-10,MG,Loja Física,Acessórios,Corporativo,Produto_82,7,6909.9,4028.43,2881.47
2024-03-11,ES,Loja Física,Acessórios,Distribuidor,Produto_59,14,18486.33,13953.95,4532.37
2024-03-11,ES,Marketplace,Eletrônicos,Distribuidor,Produto_50,6,13274.94,9825.6,3449.34
2024-03-11,BA,Representante,Eletrônicos,Varejo,Produto_26,1,1647.55,973.86,673.68
2024-03-11,SC,Loja Física,Serviços,Varejo,Produto_5,13,7239.86,5400.77,1839.09
2024-03-12,MG,Representante,Eletrônicos,Corporativo,Produto_106,8,8121.09,6274.89,1846.19
2024-03-12,PR,Loja Física,Serviços,Distribuidor,Produto_7,1,1902.02,1053.45,848.57
2024-03-12,PR,Marketplace,Móveis,Distribuidor,Produto_39,12,28951.53,17666.9,11284.63
2024-03-12,ES,Loja Física,Eletrônicos,Varejo,Produto_70,4,9262.15,7442.94,1819.21
2024-03-13,ES,Loja Física,Eletrônicos,Varejo,Produto_14,3,4714.09,2695.97,2018.13
2024-03-13,SP,Loja Física,Eletrônicos,Varejo,Produto_1,14,10049.26,5839.41,4209.84
2024-03-13,SP,Representante,Acessórios,Corporativo,Produto_108,2,861.03,523.62,337.41
2024-03-14,PR,Online,Móveis,Varejo,Produto_2,7,12365.53,10104.5,2261.03
2024-03-15,ES,Online,Eletrônicos,Varejo,Produto_100,2,3335.73,2226.83,1108.9
2024-03-15,BA,Loja Física,Informática,Varejo,Produto_33,6,11632.21,7401.85,4230.35
2024-03-15,MG,Representante,Serviços,Varejo,Produto_40,3,5488.21,3062.72,2425.48
2024-03-15,PR,Online,Serviços,Distribuidor,Produto_12,11,22457.79,17420.69,5037.09
2024-03-15,RS,Online,Acessórios,Distribuidor,Produto_65,2,3757.98,2865.06,892.92
2024-03-16,MG,Loja Física,Móveis,Varejo,Produto_106,7,12174.48,6808.81,5365.67
2024-03-17,RS,Representante,Eletrônicos,Varejo,Produto_111,4,5791.49,4178.86,1612.63
2024-03-17,ES,Marketplace,Acessórios,Corporativo,Produto_58,2,4694.99,2989.84,1705.15
2024-03-18,MG,Marketplace,Serviços,Corporativo,Produto_79,2,2288.34,1889.0,399.34
2024-03-18,RS,Representante,Eletrônicos,Distribuidor,Produto_107,8,10925.38,7703.57,3221.81
2024-03-19,MG,Loja Física,Eletrônicos,Varejo,Produto_44,14,33585.28,27745.24,5840.05
2024-03-19,RS,Representante,Acessórios,Corporativo,Produto_86,12,11748.83,7428.83,4320.0
2024-03-19,PR,Representante,Móveis,Varejo,Produto_1,11,5360.15,3843.68,1516.47
2024-03-19,PR,Loja Física,Eletrônicos,Distribuidor,Produto_11,14,12778.35,8800.46,3977.89
2024-03-19,SC,Loja Física,Informática,Varejo,Produto_114,12,14683.3,12264.57,2418.73
2024-03-20,SC,Online,Informática,Distribuidor,Produto_97,4,7423.46,4965.08,2458.38
2024-03-20,RS,Loja Física,Acessórios,Distribuidor,Produto_72,14,23059.67,16128.96,6930.71
2024-03-20,SC,Loja Física,Eletrônicos,Corporativo,Produto_107,2,2662.5,1734.52,927.98
2024-03-20,BA,Marketplace,Serviços,Corporativo,Produto_80,1,817.64,485.92,331.73
2024-03-20,RS,Loja Física,Serviços,Distribuidor,Produto_60,8,11531.56,6737.85,4793.71
2024-03-21,BA,Representante,Serviços,Varejo,Produto_7,4,1360.34,1068.54,291.8
2024-03-21,ES,Online,Eletrônicos,Distribuidor,Produto_42,10,5924.54,4953.92,970.63
2024-03-21,RS,Online,Móveis,Distribuidor,Produto_18,3,4303.65,2511.14,1792.51
2024-03-21,SP,Representante,Serviços,Distribuidor,Produto_100,2,2044.94,1525.65,519.29
2024-03-22,MG,Online,Eletrônicos,Corporativo,Produto_26,1,2228.63,1494.81,733.82
2024-03-22,ES,Representante,Serviços,Corporativo,Produto_28,11,8776.59,7328.25,1448.33
2024-03-22,SP,Representante,Móveis,Distribuidor,Produto_63,13,18895.55,10665.8,8229.76
2024-03-22,MG,Representante,Serviços,Varejo,Produto_88,3,5471.28,3244.5,2226.79
2024-03-22,ES,Marketplace,Móveis,Distribuidor,Produto_79,10,22441.5,14005.89,8435.61
2024-03-23,RS,Marketplace,Acessórios,Varejo,Produto_6,7,15138.5,11313.71,3824.79
2024-03-23,SP,Representante,Acessórios,Varejo,Produto_61,8,13794.42,8436.45,5357.97
2024-03-24,SC,Online,Eletrônicos,Corporativo,Produto_82,6,8434.0,4808.16,3625.85
2024-03-24,MG,Online,Acessórios,Varejo,Produto_117,9,20012.07,12615.66,7396.41
2024-03-24,BA,Loja Física,Móveis,Distribuidor,Produto_49,11,24385.06,15376.96,9008.1
2024-03-24,MG,Marketplace,Acessórios,Distribuidor,Produto_13,3,7320.83,4861.86,2458.97
2024-03-24,ES,Loja Física,Móveis,Varejo,Produto_45,7,10634.93,8323.49,2311.44
2024-03-25,BA,Loja Física,Informática,Distribuidor,Produto_39,9,20290.04,13170.96,7119.08
2024-03-25,MG,Loja Física,Eletrônicos,Varejo,Produto_115,6,6185.79,3705.99,2479.8
2024-03-25,MG,Loja Física,Móveis,Corporativo,Produto_4,9,10809.28,7033.03,3776.25
2024-03-25,RJ,Marketplace,Serviços,Varejo,Produto_113,8,1676.64,1182.62,494.02
2024-03-25,RJ,Online,Acessórios,Corporativo,Produto_13,1,577.42,370.51,206.91
2024-03-26,SC,Marketplace,Eletrônicos,Distribuidor,Produto_100,3,6198.91,4170.7,2028.21
2024-03-27,SC,Marketplace,Serviços,Varejo,Produto_102,5,9224.59,5500.32,3724.27
2024-03-27,BA,Loja Física,Móveis,Corporativo,Produto_1,10,7742.18,6324.8,1417.38
2024-03-27,PR,Online,Móveis,Corporativo,Produto_119,14,30652.27,17314.71,13337.55
2024-03-28,MG,Marketplace,Eletrônicos,Corporativo,Produto_87,3,4085.05,2400.84,1684.21
2024-03-28,ES,Online,Eletrônicos,Corporativo,Produto_110,10,10736.64,6558.5,4178.14
2024-03-28,ES,Online,Informática,Distribuidor,Produto_46,9,11248.0,8053.07,3194.94
2024-03-29,SC,Loja Física,Serviços,Distribuidor,Produto_29,8,1799.46,1437.9,361.57
2024-03-29,MG,Marketplace,Serviços,Varejo,Produto_85,5,9228.3,5322.34,3905.96
2024-03-29,PR,Online,Serviços,Corporativo,Produto_30,5,12334.47,9058.28,3276.19
2024-03-29,RJ,Loja Física,Móveis,Corporativo,Produto_108,9,12789.51,9157.72,3631.79
2024-03-30,PR,Marketplace,Informática,Distribuidor,Produto_15,13,28971.87,24393.91,4577.96
2024-03-30,ES,Online,Acessórios,Corporativo,Produto_104,11,3782.82,2164.59,1618.23
2024-03-31,SC,Marketplace,Informática,Distribuidor,Produto_7,3,735.18,496.05,239.13
2024-03-31,SP,Marketplace,Informática,Distribuidor,Produto_27,12,21883.33,16744.88,5138.45
2024-04-01,RS,Representante,Acessórios,Varejo,Produto_36,9,4146.06,2948.61,1197.45
2024-04-02,MG,Marketplace,Acessórios,Varejo,Produto_38,3,3653.83,2384.06,1269.78
2024-04-02,MG,Online,Serviços,Varejo,Produto_57,14,1861.93,1193.61,668.32
2024-04-02,RS,Representante,Informática,Distribuidor,Produto_101,8,3243.75,2025.79,1217.97
2024-04-03,SC,Marketplace,Serviços,Corporativo,Produto_75,3,3328.01,1913.72,1414.29
2024-04-04,MG,Representante,Eletrônicos,Varejo,Produto_13,4,7057.12,5043.67,2013.45
2024-04-04,MG,Loja Física,Eletrônicos,Corporativo,Produto_68,12,4355.64,2968.48,1387.16
2024-04-04,MG,Online,Serviços,Distribuidor,Produto_28,5,3650.75,2304.66,1346.09
2024-04-04,RJ,Loja Física,Informática,Varejo,Produto_1,10,11076.59,7389.99,3686.59
2024-04-04,MG,Marketplace,Serviços,Varejo,Produto_62,13,20431.21,14589.11,5842.1
2024-04-04,MG,Online,Móveis,Varejo,Produto_13,9,5835.27,4477.12,1358.15
2024-04-04,RS,Loja Física,Eletrônicos,Corporativo,Produto_51,13,8458.15,7088.01,1370.14
2024-04-04,SC,Online,Eletrônicos,Distribuidor,Produto_77,9,7428.98,5434.37,1994.61
2024-04-04,PR,Representante,Eletrônicos,Distribuidor,Produto_107,11,9282.55,5186.45,4096.11
2024-04-04,RJ,Representante,Eletrônicos,Distribuidor,Produto_111,5,5967.26,3900.57,2066.7
2024-04-05,BA,Online,Eletrônicos,Corporativo,Produto_116,12,8333.71,4842.6,3491.11
2024-04-05,ES,Online,Informática,Varejo,Produto_115,9,2579.51,1591.55,987.97
2024-04-05,SC,Marketplace,Acessórios,Distribuidor,Produto_68,1,1841.47,1464.41,377.06
2024-04-05,SP,Marketplace,Serviços,Varejo,Produto_92,9,16841.51,10973.01,5868.5
2024-04-05,SP,Marketplace,Informática,Varejo,Produto_109,5,5783.72,4038.17,1745.55
2024-04-06,MG,Online,Eletrônicos,Corporativo,Produto_29,6,14986.63,10224.85,4761.79
2024-04-06,ES,Loja Física,Móveis,Distribuidor,Produto_78,8,8433.73,6877.9,1555.83
2024-04-06,PR,Online,Eletrônicos,Varejo,Produto_98,4,3126.73,2332.83,793.91
2024-04-06,BA,Loja Física,Móveis,Varejo,Produto_80,2,4372.19,2928.0,1444.19
2024-04-07,MG,Online,Móveis,Varejo,Produto_12,7,663.3,503.86,159.44
2024-04-07,RS,Loja Física,Eletrônicos,Corporativo,Produto_87,7,10120.69,6259.0,3861.68
2024-04-07,RJ,Online,Informática,Varejo,Produto_2,9,7258.86,5616.0,1642.86
2024-04-08,SC,Marketplace,Serviços,Varejo,Produto_21,2,2935.61,1654.36,1281.24
2024-04-08,RS,Marketplace,Eletrônicos,Distribuidor,Produto_67,5,9057.96,6009.43,3048.53
2024-04-08,BA,Loja Física,Eletrônicos,Varejo,Produto_117,14,1373.39,1070.95,302.44
2024-04-08,MG,Marketplace,Eletrônicos,Corporativo,Produto_20,14,3967.16,2763.55,1203.61
2024-04-08,RJ,Representante,Eletrônicos,Corporativo,Produto_54,14,7332.89,4541.54,2791.34
2024-04-09,MG,Loja Física,Serviços,Corporativo,Produto_57,5,6007.75,4498.45,1509.3
2024-04-09,ES,Representante,Eletrônicos,Distribuidor,Produto_107,1,1993.62,1674.75,318.87
2024-04-09,SC,Marketplace,Serviços,Distribuidor,Produto_1,9,9351.13,7059.0,2292.13
2024-04-09,PR,Online,Eletrônicos,Varejo,Produto_6,12,29003.25,23126.75,5876.5
2024-04-10,SP,Loja Física,Eletrônicos,Distribuidor,Produto_40,14,3950.64,3132.5,818.14
2024-04-10,SC,Marketplace,Eletrônicos,Varejo,Produto_86,4,4405.16,3726.61,678.55
2024-04-10,ES,Marketplace,Móveis,Distribuidor,Produto_24,4,6912.38,4608.55,2303.83
2024-04-11,PR,Loja Física,Eletrônicos,Varejo,Produto_95,9,15982.14,9458.87,6523.28
2024-04-11,SP,Loja Física,Acessórios,Corporativo,Produto_54,9,19911.65,16299.47,3612.18
2024-04-11,PR,Loja Física,Acessórios,Corporativo,Produto_23,9,11785.62,8598.06,3187.55
2024-04-11,ES,Marketplace,Informática,Varejo,Produto_95,6,14531.93,8870.68,5661.25
2024-04-11,ES,Loja Física,Informática,Corporativo,Produto_60,10,7576.01,5017.86,2558.15
2024-04-12,PR,Online,Acessórios,Corporativo,Produto_54,3,2768.46,1888.2,880.26
2024-04-12,SC,Online,Móveis,Corporativo,Produto_57,12,29805.55,22470.43,7335.12
2024-04-13,ES,Online,Serviços,Varejo,Produto_12,5,7071.09,5566.23,1504.86
2024-04-13,SC,Loja Física,Móveis,Corporativo,Produto_17,9,17475.96,14028.55,3447.41
2024-04-13,BA,Marketplace,Eletrônicos,Varejo,Produto_8,1,2401.45,1578.11,823.34
2024-04-13,SC,Online,Acessórios,Distribuidor,Produto_113,12,27196.89,21789.72,5407.17
2024-04-13,SC,Representante,Eletrônicos,Varejo,Produto_29,8,8717.53,5804.21,2913.32
2024-04-13,SP,Marketplace,Acessórios,Corporativo,Produto_117,9,3648.69,2329.86,1318.83
2024-04-14,MG,Marketplace,Móveis,Distribuidor,Produto_119,7,5930.7,4119.14,1811.55
2024-04-15,PR,Loja Física,Acessórios,Varejo,Produto_80,11,8644.79,6310.55,2334.24
2024-04-15,RS,Marketplace,Eletrônicos,Distribuidor,Produto_86,11,14321.69,11967.95,2353.74
2024-04-16,BA,Loja Física,Informática,Corporativo,Produto_58,2,3818.67,2654.79,1163.88
2024-04-16,SC,Online,Móveis,Distribuidor,Produto_12,12,3872.09,2788.48,1083.61
2024-04-17,RS,Loja Física,Serviços,Varejo,Produto_82,8,10349.9,5960.3,4389.6
2024-04-17,PR,Loja Física,Serviços,Varejo,Produto_75,13,14474.98,10242.0,4232.98
2024-04-18,ES,Loja Física,Acessórios,Corporativo,Produto_48,11,20426.65,14334.92,6091.73
2024-04-18,PR,Loja Física,Móveis,Distribuidor,Produto_25,8,15157.43,12778.9,2378.53
2024-04-18,ES,Marketplace,Serviços,Corporativo,Produto_33,11,11930.77,8703.2,3227.58
2024-04-19,ES,Online,Informática,Corporativo,Produto_98,2,2653.37,1733.47,919.9
2024-04-19,ES,Loja Física,Móveis,Corporativo,Produto_1,8,14894.4,11807.6,3086.8
2024-04-19,RJ,Loja Física,Eletrônicos,Corporativo,Produto_38,2,201.63,169.67,31.97
2024-04-19,RJ,Loja Física,Serviços,Varejo,Produto_58,1,2244.84,1526.93,717.92
2024-04-19,ES,Marketplace,Informática,Corporativo,Produto_33,7,11074.86,9124.12,1950.75
2024-04-20,RS,Online,Eletrônicos,Varejo,Produto_23,10,591.04,429.02,162.03
2024-04-20,RJ,Marketplace,Serviços,Corporativo,Produto_60,2,3474.27,2858.17,616.1
2024-04-20,PR,Marketplace,Acessórios,Distribuidor,Produto_6,12,1802.08,1358.57,443.51
2024-04-20,SP,Online,Informática,Varejo,Produto_26,12,5123.19,3074.54,2048.65
2024-04-20,BA,Marketplace,Eletrônicos,Corporativo,Produto_27,12,11755.69,9535.13,2220.56
2024-04-20,MG,Loja Física,Móveis,Distribuidor,Produto_31,5,3995.11,3137.39,857.71
2024-04-20,PR,Marketplace,Informática,Distribuidor,Produto_29,13,23139.99,14543.16,8596.83
2024-04-20,SC,Loja Física,Serviços,Distribuidor,Produto_40,12,5851.07,4514.83,1336.24
2024-04-20,PR,Loja Física,Informática,Distribuidor,Produto_9,4,8037.46,6641.43,1396.02
2024-04-22,MG,Representante,Informática,Varejo,Produto_6,4,8526.7,6216.51,2310.19
2024-04-22,BA,Loja Física,Acessórios,Corporativo,Produto_37,12,11626.6,9868.93,1757.67
2024-04-22,ES,Marketplace,Móveis,Distribuidor,Produto_98,3,7492.72,6326.19,1166.53
2024-04-23,SP,Loja Física,Informática,Corporativo,Produto_17,1,1346.65,813.27,533.38
2024-04-23,SC,Loja Física,Eletrônicos,Distribuidor,Produto_104,12,16342.47,8991.5,7350.98
2024-04-23,PR,Representante,Informática,Varejo,Produto_117,7,16095.61,11003.29,5092.32
2024-04-23,SP,Representante,Móveis,Corporativo,Produto_97,5,5368.19,3591.46,1776.74
2024-04-24,ES,Marketplace,Serviços,Corporativo,Produto_55,13,9115.71,6450.08,2665.63
2024-04-24,PR,Loja Física,Informática,Corporativo,Produto_27,10,5375.93,3825.99,1549.94
2024-04-24,SC,Marketplace,Serviços,Corporativo,Produto_63,8,8006.69,6462.4,1544.29
2024-04-24,SP,Marketplace,Acessórios,Varejo,Produto_114,7,11232.53,8047.07,3185.46
2024-04-24,BA,Online,Eletrônicos,Distribuidor,Produto_112,9,19052.53,10693.65,8358.88
2024-04-24,BA,Loja Física,Móveis,Distribuidor,Produto_117,13,21662.88,18270.32,3392.56
2024-04-25,PR,Marketplace,Móveis,Varejo,Produto_3,7,16193.64,10392.39,5801.25
2024-04-25,SP,Representante,Eletrônicos,Varejo,Produto_80,7,4199.71,3493.93,705.78
2024-04-26,SC,Loja Física,Informática,Distribuidor,Produto_116,13,24457.65,15330.84,9126.81
2024-04-26,BA,Online,Eletrônicos,Corporativo,Produto_15,2,4869.07,3973.17,895.9
2024-04-26,SP,Marketplace,Informática,Distribuidor,Produto_6,2,1864.65,1049.49,815.16
2024-04-27,BA,Online,Serviços,Distribuidor,Produto_13,11,23933.01,15238.08,8694.93
2024-04-27,BA,Loja Física,Móveis,Varejo,Produto_58,2,4760.45,3116.78,1643.67
2024-04-28,SP,Loja Física,Serviços,Distribuidor,Produto_67,13,14172.28,8078.13,6094.14
2024-04-28,RS,Marketplace,Informática,Varejo,Produto_35,8,6646.03,5137.73,1508.3
2024-04-28,PR,Representante,Serviços,Corporativo,Produto_113,9,14423.79,11258.65,3165.14
2024-04-28,PR,Marketplace,Informática,Distribuidor,Produto_29,7,17233.62,12441.64,4791.97
2024-04-29,RJ,Online,Acessórios,Distribuidor,Produto_113,4,688.04,456.25,231.79
2024-04-29,PR,Online,Serviços,Corporativo,Produto_88,13,25255.23,20946.43,4308.81
2024-04-29,RS,Loja Física,Informática,Varejo,Produto_111,14,30283.79,16688.85,13594.94
2024-04-29,RS,Online,Serviços,Distribuidor,Produto_58,3,1783.84,1209.95,573.89
2024-04-30,SP,Marketplace,Móveis,Corporativo,Produto_99,2,888.18,723.58,164.6
2024-04-30,PR,Marketplace,Acessórios,Distribuidor,Produto_26,9,4958.24,3460.0,1498.24
2024-05-01,SC,Marketplace,Serviços,Varejo,Produto_44,4,2528.62,1686.33,842.29
2024-05-02,BA,Loja Física,Móveis,Distribuidor,Produto_8,12,18059.83,10918.04,7141.79
2024-05-03,BA,Online,Informática,Distribuidor,Produto_103,11,27044.02,20361.9,6682.12
2024-05-03,PR,Representante,Serviços,Distribuidor,Produto_101,8,3873.0,3246.08,626.92
2024-05-03,SC,Marketplace,Móveis,Corporativo,Produto_111,5,2201.52,1784.88,416.63
2024-05-03,RS,Marketplace,Eletrônicos,Distribuidor,Produto_2,14,28878.84,18404.27,10474.57
2024-05-03,ES,Online,Informática,Corporativo,Produto_14,4,6526.92,5138.96,1387.96
2024-05-04,MG,Online,Móveis,Varejo,Produto_113,9,15172.21,10688.7,4483.51
2024-05-04,SC,Representante,Informática,Corporativo,Produto_103,10,9475.05,6937.61,2537.44
2024-05-04,RS,Marketplace,Informática,Varejo,Produto_82,2,258.49,198.42,60.07
2024-05-04,SP,Representante,Informática,Distribuidor,Produto_30,11,16085.05,9375.96,6709.09
2024-05-04,BA,Representante,Móveis,Varejo,Produto_111,1,1413.73,915.63,498.09
2024-05-04,RJ,Loja Física,Acessórios,Distribuidor,Produto_109,10,2922.39,2292.03,630.36
2024-05-04,MG,Representante,Móveis,Varejo,Produto_7,2,1759.83,1456.82,303.01
2024-05-04,ES,Online,Acessórios,Distribuidor,Produto_55,6,4552.45,3201.15,1351.3
2024-05-05,PR,Representante,Móveis,Varejo,Produto_87,4,670.42,385.39,285.04
2024-05-05,ES,Online,Eletrônicos,Varejo,Produto_90,9,6048.07,4966.5,1081.57
2024-05-05,PR,Representante,Acessórios,Varejo,Produto_40,11,17617.52,14472.94,3144.59
2024-05-06,ES,Online,Serviços,Corporativo,Produto_70,1,1105.76,737.65,368.1
2024-05-06,MG,Online,Móveis,Varejo,Produto_97,5,5067.08,3075.38,1991.7
2024-05-06,ES,Loja Física,Eletrônicos,Varejo,Produto_1,13,29335.91,17418.42,11917.49
2024-05-06,RS,Representante,Acessórios,Varejo,Produto_66,9,13664.38,8364.43,5299.95
2024-05-06,ES,Marketplace,Eletrônicos,Varejo,Produto_33,11,2767.81,2271.27,496.54
2024-05-06,SP,Loja Física,Móveis,Varejo,Produto_52,11,7176.95,5453.13,1723.82
2024-05-06,MG,Online,Eletrônicos,Varejo,Produto_12,8,4257.09,3515.79,741.3
2024-05-07,SP,Loja Física,Acessórios,Varejo,Produto_20,9,10069.31,5654.68,4414.63
2024-05-07,ES,Loja Física,Móveis,Corporativo,Produto_15,12,13456.5,11080.47,2376.03
2024-05-07,PR,Loja Física,Acessórios,Distribuidor,Produto_18,3,4254.78,3264.39,990.39
2024-05-07,ES,Marketplace,Eletrônicos,Distribuidor,Produto_62,8,17774.32,13961.73,3812.6
2024-05-08,RS,Online,Acessórios,Corporativo,Produto_64,13,2880.6,1975.62,904.98
2024-05-08,ES,Representante,Informática,Distribuidor,Produto_76,5,671.44,509.19,162.26
2024-05-08,PR,Marketplace,Acessórios,Distribuidor,Produto_104,14,16087.43,10711.65,5375.78
2024-05-08,PR,Online,Informática,Varejo,Produto_87,10,5555.3,3351.19,2204.11
2024-05-09,ES,Marketplace,Acessórios,Varejo,Produto_47,8,18910.98,12918.48,5992.5
2024-05-09,ES,Marketplace,Eletrônicos,Distribuidor,Produto_119,7,6292.49,3707.64,2584.85
2024-05-09,ES,Online,Informática,Distribuidor,Produto_41,14,3713.82,2627.18,1086.63
2024-05-09,BA,Marketplace,Móveis,Distribuidor,Produto_115,2,4262.08,2415.06,1847.02
2024-05-09,SC,Online,Serviços,Distribuidor,Produto_32,13,5563.32,3294.87,2268.45
2024-05-10,SP,Marketplace,Móveis,Distribuidor,Produto_110,12,20326.88,15269.97,5056.91
2024-05-10,PR,Loja Física,Informática,Corporativo,Produto_55,11,27158.11,19503.23,7654.88
2024-05-10,BA,Online,Acessórios,Varejo,Produto_71,11,18525.24,13356.16,5169.08
2024-05-11,MG,Marketplace,Eletrônicos,Distribuidor,Produto_85,12,8345.22,6740.25,1604.97
2024-05-11,MG,Marketplace,Serviços,Corporativo,Produto_96,14,11691.43,7568.47,4122.97
2024-05-11,SC,Online,Serviços,Corporativo,Produto_29,14,1459.01,1147.85,311.17
2024-05-11,SC,Marketplace,Acessórios,Varejo,Produto_66,13,3135.32,2644.36,490.96
2024-05-12,SC,Loja Física,Serviços,Varejo,Produto_56,6,10589.85,7924.05,2665.8
2024-05-13,MG,Representante,Serviços,Corporativo,Produto_85,12,6891.6,5276.44,1615.16
2024-05-13,MG,Online,Eletrônicos,Distribuidor,Produto_119,10,18372.99,13897.56,4475.44
2024-05-13,SP,Online,Serviços,Distribuidor,Produto_2,5,11985.28,9049.18,2936.1
2024-05-13,ES,Representante,Acessórios,Corporativo,Produto_79,3,1956.91,1217.35,739.56
2024-05-13,ES,Marketplace,Serviços,Varejo,Produto_64,5,11712.18,8466.55,3245.63
2024-05-14,PR,Loja Física,Informática,Distribuidor,Produto_109,7,13919.15,9417.62,4501.53
2024-05-14,SC,Loja Física,Móveis,Corporativo,Produto_70,11,24263.45,19570.18,4693.28
2024-05-15,ES,Marketplace,Móveis,Corporativo,Produto_87,6,9567.74,6382.9,3184.84
2024-05-15,RJ,Marketplace,Acessórios,Corporativo,Produto_17,11,10204.61,7154.92,3049.69
2024-05-15,BA,Marketplace,Eletrônicos,Corporativo,Produto_38,1,2415.23,1913.01,502.22
2024-05-15,ES,Representante,Acessórios,Distribuidor,Produto_38,6,6470.28,4371.49,2098.79
2024-05-15,RS,Marketplace,Serviços,Varejo,Produto_72,9,3212.88,2407.09,805.8
2024-05-15,PR,Representante,Móveis,Corporativo,Produto_78,3,1659.25,1022.51,636.74
2024-05-16,RS,Loja Física,Informática,Corporativo,Produto_96,12,25752.03,17918.61,7833.42
2024-05-16,RS,Marketplace,Informática,Varejo,Produto_88,11,16982.06,11223.9,5758.17
2024-05-16,RJ,Loja Física,Eletrônicos,Distribuidor,Produto_88,7,11181.14,8809.99,2371.15
2024-05-17,RS,Representante,Móveis,Distribuidor,Produto_8,5,8016.87,5511.39,2505.48
2024-05-18,RS,Online,Eletrônicos,Corporativo,Produto_14,6,10832.4,6106.77,4725.63
2024-05-18,SP,Marketplace,Móveis,Corporativo,Produto_110,7,11695.83,8229.87,3465.96
2024-05-18,PR,Loja Física,Serviços,Varejo,Produto_9,8,10520.78,5994.08,4526.7
2024-05-18,MG,Representante,Acessórios,Corporativo,Produto_95,4,7615.58,6113.3,1502.28
2024-05-18,SC,Loja Física,Informática,Distribuidor,Produto_52,1,578.65,474.04,104.61
2024-05-18,RJ,Loja Física,Móveis,Distribuidor,Produto_38,2,1419.13,896.76,522.37
2024-05-19,RJ,Online,Móveis,Corporativo,Produto_111,6,5240.79,3841.08,1399.71
2024-05-19,SP,Online,Móveis,Distribuidor,Produto_57,4,1140.37,830.25,310.12
2024-05-20,ES,Representante,Serviços,Corporativo,Produto_4,7,12476.7,9997.59,2479.11
2024-05-20,ES,Representante,Móveis,Corporativo,Produto_36,8,19291.32,14115.38,5175.94
2024-05-20,RS,Loja Física,Eletrônicos,Distribuidor,Produto_22,6,1444.0,919.71,524.3
2024-05-21,BA,Representante,Informática,Distribuidor,Produto_100,8,3364.37,2679.33,685.04
2024-05-21,MG,Loja Física,Eletrônicos,Corporativo,Produto_90,9,11695.93,9872.74,1823.19
2024-05-22,ES,Loja Física,Acessórios,Varejo,Produto_49,6,14799.53,12231.53,2568.01
2024-05-22,BA,Marketplace,Acessórios,Varejo,Produto_19,4,6852.69,5274.65,1578.05
2024-05-22,BA,Online,Informática,Corporativo,Produto_59,14,10480.95,7952.52,2528.44
2024-05-23,ES,Representante,Informática,Varejo,Produto_76,10,1285.58,1087.86,197.72
2024-05-23,SC,Marketplace,Serviços,Varejo,Produto_104,2,2645.27,2157.81,487.46
2024-05-25,RJ,Representante,Serviços,Corporativo,Produto_93,7,14523.02,11752.53,2770.49
2024-05-25,MG,Online,Eletrônicos,Distribuidor,Produto_76,8,9220.56,6437.58,2782.98
2024-05-25,SP,Loja Física,Acessórios,Corporativo,Produto_103,10,11915.63,9678.93,2236.69
2024-05-25,RS,Online,Acessórios,Varejo,Produto_36,7,15084.81,11595.3,3489.51
2024-05-25,RS,Online,Móveis,Varejo,Produto_74,3,5193.94,3064.63,2129.3
2024-05-26,RJ,Representante,Informática,Corporativo,Produto_5,3,2697.81,2001.98,695.82
2024-05-26,RJ,Online,Eletrônicos,Varejo,Produto_97,12,17738.82,10169.25,7569.57
2024-05-26,PR,Marketplace,Serviços,Varejo,Produto_111,14,5805.79,4144.98,1660.8
2024-05-26,RS,Marketplace,Eletrônicos,Corporativo,Produto_86,2,768.19,595.49,172.71
2024-05-27,BA,Loja Física,Acessórios,Distribuidor,Produto_39,6,9508.81,5344.75,4164.05
2024-05-27,RJ,Marketplace,Móveis,Distribuidor,Produto_43,2,1499.76,1048.07,451.68
2024-05-28,BA,Loja Física,Eletrônicos,Corporativo,Produto_18,1,683.94,391.32,292.63
2024-05-28,SP,Representante,Móveis,Corporativo,Produto_89,13,13438.29,10101.32,3336.97
2024-05-28,RS,Loja Física,Eletrônicos,Distribuidor,Produto_116,10,1092.36,771.48,320.88
2024-05-28,BA,Online,Serviços,Varejo,Produto_82,1,1754.32,1398.15,356.17
2024-05-29,SC,Loja Física,Eletrônicos,Corporativo,Produto_75,4,9688.63,7011.3,2677.34
2024-05-30,PR,Marketplace,Eletrônicos,Corporativo,Produto_23,4,3002.02,1743.16,1258.86
2024-05-30,SC,Representante,Acessórios,Varejo,Produto_24,6,1941.07,1190.75,750.32
2024-05-30,MG,Marketplace,Serviços,Corporativo,Produto_11,11,21196.98,12849.52,8347.46
2024-05-30,PR,Loja Física,Móveis,Corporativo,Produto_105,14,13754.14,9657.91,4096.23
2024-05-31,RJ,Loja Física,Móveis,Varejo,Produto_89,14,10960.17,7889.29,3070.88
2024-05-31,MG,Loja Física,Acessórios,Varejo,Produto_16,6,3598.19,2431.67,1166.52
2024-05-31,RJ,Representante,Acessórios,Distribuidor,Produto_8,9,8628.13,6117.8,2510.33
2024-06-01,RS,Online,Eletrônicos,Corporativo,Produto_101,6,5821.16,4657.17,1163.99
2024-06-01,RJ,Representante,Acessórios,Varejo,Produto_111,6,10366.49,7096.12,3270.37
2024-06-01,RJ,Online,Acessórios,Varejo,Produto_110,12,7794.23,4426.28,3367.96
2024-06-01,PR,Online,Eletrônicos,Corporativo,Produto_102,2,2184.98,1298.46,886.52
2024-06-02,RS,Representante,Informática,Distribuidor,Produto_70,5,2854.65,1991.14,863.51
2024-06-02,ES,Loja Física,Eletrônicos,Varejo,Produto_13,8,19134.89,13136.29,5998.6
2024-06-02,BA,Marketplace,Serviços,Distribuidor,Produto_20,7,2106.17,1411.57,694.6
2024-06-02,MG,Representante,Acessórios,Distribuidor,Produto_25,12,3854.75,2295.78,1558.97
2024-06-03,RS,Loja Física,Informática,Varejo,Produto_91,9,16638.0,13888.66,2749.34
2024-06-03,BA,Marketplace,Informática,Varejo,Produto_13,12,16974.51,14313.62,2660.89
2024-06-03,SP,Loja Física,Informática,Distribuidor,Produto_109,5,3929.78,3067.69,862.09
2024-06-03,ES,Loja Física,Serviços,Corporativo,Produto_98,10,19342.79,14725.43,4617.37
2024-06-04,BA,Loja Física,Informática,Varejo,Produto_109,8,5223.54,4074.45,1149.09
2024-06-04,SP,Loja Física,Móveis,Distribuidor,Produto_24,3,2527.94,1651.83,876.11
2024-06-05,SP,Loja Física,Acessórios,Corporativo,Produto_53,3,1034.94,740.29,294.65
2024-06-06,SC,Representante,Eletrônicos,Varejo,Produto_118,10,15211.16,9630.14,5581.02
2024-06-06,PR,Online,Móveis,Distribuidor,Produto_64,5,2852.08,2294.75,557.33
2024-06-06,SP,Online,Informática,Varejo,Produto_94,3,5964.07,5061.14,902.93
2024-06-06,PR,Loja Física,Informática,Varejo,Produto_82,1,1999.32,1288.01,711.31
2024-06-07,RS,Marketplace,Informática,Corporativo,Produto_60,10,8748.51,6159.19,2589.32
2024-06-07,MG,Representante,Eletrônicos,Corporativo,Produto_28,12,25223.07,14487.73,10735.34
2024-06-07,ES,Representante,Eletrônicos,Corporativo,Produto_43,13,9932.95,6101.07,3831.88
2024-06-07,SC,Loja Física,Serviços,Distribuidor,Produto_62,6,4702.16,3288.19,1413.97
2024-06-08,SC,Loja Física,Eletrônicos,Distribuidor,Produto_111,11,20280.05,14426.57,5853.49
2024-06-08,SC,Loja Física,Móveis,Varejo,Produto_68,14,2755.48,2326.42,429.07
2024-06-08,PR,Loja Física,Móveis,Varejo,Produto_60,10,3321.52,1926.07,1395.45
2024-06-08,SP,Representante,Serviços,Distribuidor,Produto_24,4,9435.55,7062.66,2372.89
2024-06-09,PR,Marketplace,Informática,Varejo,Produto_97,6,13258.7,10108.29,3150.41
2024-06-09,PR,Representante,Eletrônicos,Corporativo,Produto_53,3,4094.22,2381.17,1713.05
2024-06-09,MG,Representante,Acessórios,Corporativo,Produto_88,6,1750.61,1057.52,693.09
2024-06-09,SC,Online,Eletrônicos,Distribuidor,Produto_56,5,4481.4,2492.43,1988.97
2024-06-09,BA,Marketplace,Acessórios,Varejo,Produto_71,10,11121.86,7065.2,4056.66
2024-06-09,BA,Online,Eletrônicos,Corporativo,Produto_105,10,13775.81,8020.55,5755.27
2024-06-09,SC,Loja Física,Móveis,Corporativo,Produto_84,9,19455.87,14347.67,5108.2
2024-06-10,ES,Online,Eletrônicos,Varejo,Produto_9,10,1842.29,1099.65,742.64
2024-06-10,MG,Online,Informática,Distribuidor,Produto_14,11,20537.76,16357.86,4179.9
2024-06-10,PR,Loja Física,Serviços,Corporativo,Produto_3,8,3489.18,2026.68,1462.5
2024-06-11,SP,Marketplace,Acessórios,Corporativo,Produto_115,5,10150.06,6223.46,3926.6
2024-06-11,PR,Marketplace,Informática,Distribuidor,Produto_105,2,438.75,363.22,75.53
2024-06-12,MG,Loja Física,Móveis,Varejo,Produto_62,11,5244.21,2993.64,2250.57
2024-06-12,ES,Representante,Acessórios,Corporativo,Produto_25,3,3785.57,2169.87,1615.7
2024-06-12,RJ,Online,Eletrônicos,Corporativo,Produto_10,2,140.18,110.5,29.68
2024-06-12,PR,Representante,Acessórios,Corporativo,Produto_5,4,6856.14,5150.42,1705.72
2024-06-13,SC,Representante,Serviços,Varejo,Produto_63,4,5290.41,2946.39,2344.02
2024-06-13,SP,Marketplace,Informática,Corporativo,Produto_48,7,4754.35,3104.7,1649.65
2024-06-13,SC,Representante,Serviços,Varejo,Produto_109,1,860.86,576.34,284.52
2024-06-13,SC,Loja Física,Acessórios,Varejo,Produto_90,3,1636.82,1026.11,610.71
2024-06-13,RS,Online,Móveis,Varejo,Produto_37,14,32423.47,22680.59,9742.88
2024-06-13,RS,Representante,Eletrônicos,Distribuidor,Produto_58,1,979.28,551.21,428.07
2024-06-13,MG,Loja Física,Móveis,Corporativo,Produto_22,9,9022.26,5055.27,3966.99
2024-06-14,SC,Marketplace,Eletrônicos,Corporativo,Produto_41,5,9721.07,5700.06,4021.01
2024-06-14,ES,Representante,Serviços,Distribuidor,Produto_97,5,7092.52,4927.47,2165.05
2024-06-15,MG,Marketplace,Informática,Varejo,Produto_40,3,5094.88,3217.58,1877.31
2024-06-15,ES,Online,Serviços,Varejo,Produto_51,7,3948.53,2394.37,1554.16
2024-06-15,RJ,Representante,Serviços,Varejo,Produto_101,9,12044.98,6718.15,5326.84
2024-06-15,RS,Marketplace,Serviços,Distribuidor,Produto_82,5,5199.99,3501.96,1698.02
2024-06-16,RJ,Representante,Eletrônicos,Corporativo,Produto_45,11,16810.15,10261.45,6548.69
2024-06-16,ES,Representante,Serviços,Varejo,Produto_20,7,17314.42,10716.57,6597.86
2024-06-16,RS,Online,Acessórios,Distribuidor,Produto_103,11,6927.36,4568.05,2359.31
2024-06-17,PR,Marketplace,Serviços,Varejo,Produto_44,5,8437.47,7015.87,1421.6
2024-06-17,PR,Representante,Acessórios,Varejo,Produto_61,8,13638.93,7945.47,5693.46
2024-06-17,SC,Representante,Informática,Varejo,Produto_32,14,5589.68,4499.28,1090.4
2024-06-17,SP,Online,Eletrônicos,Varejo,Produto_99,5,3611.18,2645.7,965.48
2024-06-17,RS,Marketplace,Eletrônicos,Corporativo,Produto_45,6,7082.6,4797.69,2284.91
2024-06-17,PR,Representante,Acessórios,Distribuidor,Produto_55,10,1668.24,1241.46,426.77
2024-06-17,SP,Online,Informática,Distribuidor,Produto_92,11,22425.68,13184.14,9241.55
2024-06-17,SP,Loja Física,Móveis,Corporativo,Produto_93,14,9917.35,7015.01,2902.35
2024-06-18,SP,Marketplace,Informática,Varejo,Produto_23,8,12961.97,10676.25,2285.71
2024-06-18,RJ,Marketplace,Acessórios,Distribuidor,Produto_84,10,3650.38,2741.2,909.18
2024-06-18,SC,Loja Física,Informática,Corporativo,Produto_4,5,12405.05,9717.21,2687.83
2024-06-18,BA,Online,Móveis,Corporativo,Produto_17,14,30260.26,20168.14,10092.12
2024-06-19,PR,Online,Serviços,Varejo,Produto_43,3,4163.44,3398.6,764.83
2024-06-19,BA,Online,Eletrônicos,Varejo,Produto_107,6,9013.75,6438.04,2575.71
2024-06-20,RS,Marketplace,Serviços,Distribuidor,Produto_113,5,10889.2,7755.77,3133.44
2024-06-20,PR,Loja Física,Acessórios,Distribuidor,Produto_38,3,5586.82,4429.51,1157.31
2024-06-20,MG,Online,Acessórios,Varejo,Produto_25,10,7346.16,4526.99,2819.17
2024-06-20,SC,Loja Física,Eletrônicos,Distribuidor,Produto_32,4,5522.56,4271.18,1251.37
2024-06-20,RS,Online,Acessórios,Distribuidor,Produto_28,13,27234.19,17023.04,10211.15
2024-06-20,ES,Loja Física,Acessórios,Distribuidor,Produto_47,6,1890.34,1360.18,530.15
2024-06-20,SC,Online,Móveis,Distribuidor,Produto_59,13,18645.25,12831.25,5814.0
2024-06-21,ES,Marketplace,Serviços,Distribuidor,Produto_50,14,8445.78,6426.74,2019.03
2024-06-22,ES,Online,Informática,Distribuidor,Produto_9,3,5592.33,3744.22,1848.11
2024-06-22,BA,Loja Física,Móveis,Varejo,Produto_73,12,24984.76,18108.62,6876.14
2024-06-22,RJ,Online,Informática,Corporativo,Produto_98,14,24965.95,15128.28,9837.67
2024-06-22,BA,Online,Acessórios,Corporativo,Produto_42,2,3534.75,2568.58,966.17
2024-06-22,SP,Loja Física,Acessórios,Corporativo,Produto_51,12,16266.98,10843.72,5423.26
2024-06-23,SC,Marketplace,Acessórios,Distribuidor,Produto_26,9,9336.93,5982.2,3354.73
2024-06-23,PR,Loja Física,Serviços,Varejo,Produto_81,1,1603.49,1160.67,442.82
2024-06-23,MG,Online,Acessórios,Distribuidor,Produto_9,8,17958.54,10859.42,7099.12
2024-06-23,SP,Representante,Informática,Distribuidor,Produto_18,13,2348.56,1886.46,462.1
2024-06-23,SP,Loja Física,Serviços,Varejo,Produto_53,10,3460.59,2842.5,618.09
2024-06-23,SP,Online,Informática,Corporativo,Produto_61,12,19001.07,11227.41,7773.66
2024-06-24,MG,Loja Física,Informática,Distribuidor,Produto_39,2,3146.41,2242.89,903.53
2024-06-24,MG,Online,Serviços,Distribuidor,Produto_117,9,21508.37,17589.62,3918.75
2024-06-24,RS,Representante,Acessórios,Distribuidor,Produto_69,13,19818.96,11693.49,8125.47
2024-06-24,PR,Marketplace,Serviços,Varejo,Produto_92,9,2255.05,1396.09,858.96
2024-06-24,BA,Marketplace,Informática,Varejo,Produto_28,10,20745.9,16704.85,4041.04
2024-06-24,SC,Loja Física,Eletrônicos,Varejo,Produto_93,14,10996.59,8749.51,2247.08
2024-06-25,MG,Loja Física,Acessórios,Corporativo,Produto_112,14,4770.47,3056.43,1714.04
2024-06-25,PR,Online,Acessórios,Distribuidor,Produto_30,14,13869.83,8860.31,5009.52
2024-06-25,MG,Loja Física,Serviços,Varejo,Produto_47,2,4790.85,3011.72,1779.13
2024-06-25,SP,Online,Informática,Varejo,Produto_35,7,13316.63,8255.11,5061.52
2024-06-25,PR,Representante,Serviços,Varejo,Produto_57,6,6026.43,3472.23,2554.2
2024-06-25,SP,Online,Móveis,Corporativo,Produto_107,9,8857.9,7176.98,1680.92
2024-06-25,PR,Online,Eletrônicos,Corporativo,Produto_48,11,22424.88,17825.79,4599.1
2024-06-25,RS,Online,Eletrônicos,Corporativo,Produto_17,12,14103.23,9830.5,4272.73
2024-06-26,ES,Online,Eletrônicos,Corporativo,Produto_94,5,12325.37,7271.3,5054.07
2024-06-26,SP,Online,Eletrônicos,Distribuidor,Produto_4,10,4925.37,4052.36,873.01
2024-06-27,PR,Representante,Serviços,Corporativo,Produto_5,8,14422.96,10687.65,3735.31
2024-06-28,RS,Loja Física,Eletrônicos,Corporativo,Produto_33,11,6626.08,4150.09,2475.99
2024-06-28,SC,Loja Física,Acessórios,Corporativo,Produto_29,4,8737.15,6571.95,2165.2
2024-06-29,SC,Loja Física,Móveis,Distribuidor,Produto_113,14,22450.62,17471.18,4979.44
2024-06-29,SP,Loja Física,Serviços,Corporativo,Produto_119,14,16014.19,13505.7,2508.5
2024-06-29,RJ,Marketplace,Eletrônicos,Corporativo,Produto_92,1,1965.98,1248.14,717.85
2024-07-01,RJ,Online,Serviços,Distribuidor,Produto_35,2,2483.12,1748.55,734.56
2024-07-01,SC,Loja Física,Acessórios,Varejo,Produto_86,12,12673.88,7495.04,5178.84
2024-07-01,RS,Representante,Serviços,Corporativo,Produto_109,1,678.48,452.98,225.5
2024-07-01,SC,Loja Física,Móveis,Distribuidor,Produto_101,6,7807.49,6450.06,1357.42
2024-07-02,PR,Representante,Acessórios,Distribuidor,Produto_113,8,4326.28,2908.39,1417.89
2024-07-02,RS,Marketplace,Serviços,Corporativo,Produto_74,8,13807.79,8533.59,5274.2
2024-07-03,PR,Representante,Móveis,Corporativo,Produto_114,3,4446.87,3705.6,741.27
2024-07-03,SP,Marketplace,Informática,Corporativo,Produto_1,12,19294.71,10702.94,8591.77
2024-07-04,ES,Online,Informática,Distribuidor,Produto_24,14,19483.73,13656.56,5827.17
2024-07-04,RS,Representante,Informática,Distribuidor,Produto_97,4,5319.36,3112.43,2206.93
2024-07-04,RS,Loja Física,Móveis,Corporativo,Produto_69,1,609.67,464.05,145.62
2024-07-05,RS,Marketplace,Eletrônicos,Varejo,Produto_97,12,14375.02,10350.44,4024.58
2024-07-05,SC,Representante,Acessórios,Varejo,Produto_51,9,15676.38,11016.54,4659.84
2024-07-06,RJ,Online,Serviços,Corporativo,Produto_85,13,653.78,436.87,216.91
2024-07-06,SC,Loja Física,Informática,Distribuidor,Produto_77,2,3601.92,2575.66,1026.26
2024-07-07,SC,Marketplace,Acessórios,Corporativo,Produto_82,2,4375.03,3054.01,1321.02
2024-07-07,ES,Marketplace,Móveis,Varejo,Produto_26,11,19151.07,12249.94,6901.13
2024-07-08,BA,Representante,Informática,Varejo,Produto_82,8,1291.11,1097.4,193.71
2024-07-08,SC,Representante,Informática,Varejo,Produto_92,5,1233.88,1047.15,186.72
2024-07-08,RJ,Representante,Móveis,Distribuidor,Produto_95,12,20591.57,11417.77,9173.81
2024-07-09,SC,Online,Acessórios,Distribuidor,Produto_42,8,13212.18,9299.77,3912.41
2024-07-09,RS,Loja Física,Informática,Varejo,Produto_24,8,7259.95,5442.55,1817.41
2024-07-09,SC,Online,Eletrônicos,Varejo,Produto_25,3,5075.98,3151.05,1924.93
2024-07-09,RS,Loja Física,Serviços,Distribuidor,Produto_118,6,9351.91,6387.28,2964.63
2024-07-09,SP,Loja Física,Serviços,Distribuidor,Produto_73,14,10113.71,7330.59,2783.12
2024-07-09,RS,Marketplace,Móveis,Varejo,Produto_80,9,17995.16,14009.29,3985.88
2024-07-09,SP,Online,Eletrônicos,Corporativo,Produto_29,14,27399.83,19511.36,7888.46
2024-07-10,SC,Representante,Serviços,Corporativo,Produto_59,10,5261.14,3956.85,1304.29
2024-07-10,BA,Representante,Acessórios,Distribuidor,Produto_30,3,3393.16,2033.48,1359.68
2024-07-11,RS,Loja Física,Serviços,Corporativo,Produto_30,10,20393.71,14822.24,5571.47
2024-07-11,MG,Online,Eletrônicos,Distribuidor,Produto_80,10,9186.33,5723.97,3462.36
2024-07-11,RS,Loja Física,Serviços,Corporativo,Produto_14,12,6673.72,5330.96,1342.76
2024-07-11,BA,Marketplace,Acessórios,Corporativo,Produto_70,12,5849.45,4589.2,1260.25
2024-07-11,PR,Loja Física,Móveis,Distribuidor,Produto_18,10,10332.73,5923.34,4409.4
2024-07-12,RJ,Online,Acessórios,Distribuidor,Produto_2,8,18999.14,15873.0,3126.14
2024-07-12,RJ,Online,Serviços,Varejo,Produto_27,8,10216.95,7025.45,3191.5
2024-07-12,BA,Marketplace,Acessórios,Corporativo,Produto_72,11,9535.05,6639.79,2895.26
2024-07-12,RJ,Loja Física,Informática,Distribuidor,Produto_108,9,9269.12,5834.07,3435.05
2024-07-12,RS,Representante,Móveis,Varejo,Produto_11,13,6516.66,4887.39,1629.26
2024-07-13,RJ,Marketplace,Serviços,Varejo,Produto_16,14,33132.48,26084.1,7048.38
2024-07-13,RJ,Online,Eletrônicos,Corporativo,Produto_59,5,11565.19,8301.36,3263.83
2024-07-13,SP,Marketplace,Móveis,Varejo,Produto_66,4,7972.11,6337.09,1635.02
2024-07-13,ES,Loja Física,Móveis,Varejo,Produto_30,5,4137.81,2727.84,1409.97
2024-07-14,RS,Loja Física,Serviços,Distribuidor,Produto_89,10,21586.88,15104.26,6482.62
2024-07-14,MG,Loja Física,Móveis,Varejo,Produto_62,10,12077.0,7244.02,4832.98
2024-07-14,SC,Marketplace,Móveis,Distribuidor,Produto_46,3,1498.11,1133.5,364.61
2024-07-15,SP,Loja Física,Acessórios,Corporativo,Produto_16,8,16597.42,9165.44,7431.97
2024-07-15,ES,Marketplace,Serviços,Corporativo,Produto_49,11,20363.21,16496.43,3866.78
2024-07-15,RJ,Marketplace,Móveis,Distribuidor,Produto_24,11,8156.06,5606.53,2549.53
2024-07-16,SC,Online,Serviços,Corporativo,Produto_46,13,17953.71,13630.35,4323.35
2024-07-16,ES,Marketplace,Móveis,Corporativo,Produto_101,6,12840.74,10243.82,2596.92
2024-07-16,RJ,Online,Acessórios,Corporativo,Produto_4,12,14324.24,9160.02,5164.22
2024-07-16,RS,Marketplace,Eletrônicos,Varejo,Produto_66,1,2261.93,1579.07,682.86
2024-07-16,BA,Online,Móveis,Varejo,Produto_69,2,4196.32,2500.19,1696.13
2024-07-17,MG,Marketplace,Móveis,Corporativo,Produto_1,11,1509.56,1221.4,288.16
2024-07-17,BA,Marketplace,Eletrônicos,Varejo,Produto_81,7,9557.86,5389.52,4168.33
2024-07-17,RS,Online,Informática,Distribuidor,Produto_33,8,7708.26,5497.47,2210.79
2024-07-18,PR,Marketplace,Acessórios,Corporativo,Produto_16,4,5667.43,3141.35,2526.08
2024-07-18,SP,Online,Informática,Corporativo,Produto_20,4,7899.05,6137.74,1761.32
2024-07-18,BA,Loja Física,Eletrônicos,Corporativo,Produto_116,6,5690.62,3753.64,1936.98
2024-07-18,ES,Marketplace,Móveis,Varejo,Produto_70,12,29255.88,17455.63,11800.25
2024-07-18,MG,Loja Física,Informática,Distribuidor,Produto_83,9,14229.4,10953.22,3276.18
2024-07-19,SC,Loja Física,Acessórios,Distribuidor,Produto_92,12,24577.24,18376.65,6200.59
2024-07-19,ES,Representante,Informática,Distribuidor,Produto_30,1,455.04,370.92,84.13
2024-07-19,BA,Loja Física,Móveis,Distribuidor,Produto_88,12,12123.51,8686.29,3437.22
2024-07-19,SC,Online,Acessórios,Distribuidor,Produto_56,1,1231.52,834.74,396.77
2024-07-19,MG,Online,Informática,Distribuidor,Produto_119,9,17753.41,12791.41,4962.0
2024-07-20,RS,Online,Acessórios,Corporativo,Produto_36,4,7049.08,4543.29,2505.8
2024-07-20,ES,Online,Eletrônicos,Distribuidor,Produto_45,4,7133.06,5223.56,1909.5
2024-07-20,SP,Loja Física,Eletrônicos,Corporativo,Produto_98,9,15549.92,10210.68,5339.24
2024-07-20,SP,Representante,Acessórios,Distribuidor,Produto_106,5,2362.4,1677.41,684.99
2024-07-20,RJ,Online,Eletrônicos,Varejo,Produto_24,9,16161.55,11507.59,4653.96
2024-07-21,SP,Loja Física,Móveis,Corporativo,Produto_32,13,14811.31,12052.77,2758.54
2024-07-21,ES,Loja Física,Serviços,Distribuidor,Produto_100,13,1044.57,858.36,186.21
2024-07-21,RJ,Loja Física,Eletrônicos,Varejo,Produto_112,7,4326.14,2605.06,1721.08
2024-07-22,SC,Representante,Móveis,Distribuidor,Produto_74,2,2925.7,2415.75,509.95
2024-07-22,MG,Marketplace,Acessórios,Corporativo,Produto_49,7,9504.15,6502.42,3001.73
2024-07-22,MG,Marketplace,Eletrônicos,Distribuidor,Produto_26,8,13480.29,11198.43,2281.86
2024-07-22,BA,Loja Física,Móveis,Distribuidor,Produto_77,12,27406.68,18127.02,9279.66
2024-07-22,ES,Loja Física,Serviços,Corporativo,Produto_113,1,2095.41,1348.29,747.12
2024-07-23,SC,Loja Física,Móveis,Corporativo,Produto_76,5,8155.3,6597.67,1557.63
2024-07-23,SC,Representante,Eletrônicos,Varejo,Produto_49,10,11959.82,10142.24,1817.58
2024-07-23,ES,Loja Física,Eletrônicos,Varejo,Produto_108,12,25068.5,15155.52,9912.98
2024-07-23,PR,Loja Física,Móveis,Varejo,Produto_90,2,1688.86,1256.09,432.77
2024-07-23,MG,Marketplace,Móveis,Distribuidor,Produto_34,2,3396.29,2459.09,937.2
2024-07-23,BA,Online,Acessórios,Corporativo,Produto_30,5,11659.78,7973.09,3686.69
2024-07-23,RS,Representante,Acessórios,Varejo,Produto_108,6,7951.75,5030.1,2921.65
2024-07-23,SP,Marketplace,Eletrônicos,Corporativo,Produto_7,2,3387.6,1870.96,1516.64
2024-07-24,SP,Loja Física,Eletrônicos,Varejo,Produto_6,8,12260.79,9686.88,2573.9
2024-07-24,PR,Online,Eletrônicos,Varejo,Produto_95,13,31152.88,21249.62,9903.26
2024-07-24,BA,Online,Eletrônicos,Distribuidor,Produto_35,6,8546.06,5630.84,2915.22
2024-07-25,RJ,Representante,Eletrônicos,Corporativo,Produto_2,11,8964.72,6596.92,2367.8
2024-07-25,SC,Representante,Acessórios,Corporativo,Produto_16,13,22090.17,16760.33,5329.84
2024-07-25,SC,Marketplace,Eletrônicos,Distribuidor,Produto_71,3,678.81,489.44,189.36
2024-07-25,BA,Representante,Serviços,Varejo,Produto_7,8,5270.87,3044.19,2226.68
2024-07-25,SC,Representante,Móveis,Corporativo,Produto_3,10,18934.83,14078.82,4856.01
2024-07-26,SC,Marketplace,Eletrônicos,Varejo,Produto_24,7,5994.39,4760.39,1234.0
2024-07-26,SP,Marketplace,Eletrônicos,Distribuidor,Produto_103,9,14822.19,10533.88,4288.31
2024-07-26,MG,Online,Informática,Varejo,Produto_33,12,17412.29,14286.27,3126.02
2024-07-26,SP,Online,Acessórios,Varejo,Produto_98,11,2215.34,1533.16,682.18
2024-07-26,PR,Loja Física,Informática,Varejo,Produto_38,3,2592.25,1648.1,944.15
2024-07-27,PR,Representante,Informática,Varejo,Produto_14,13,7483.11,4781.03,2702.07
2024-07-27,PR,Loja Física,Informática,Varejo,Produto_15,10,11218.49,7065.58,4152.91
2024-07-28,SC,Representante,Serviços,Distribuidor,Produto_33,13,4985.95,2993.85,1992.1
2024-07-28,PR,Marketplace,Serviços,Corporativo,Produto_4,5,10142.56,8253.57,1888.99
2024-07-28,PR,Marketplace,Acessórios,Corporativo,Produto_86,11,24642.01,16503.73,8138.28
2024-07-28,PR,Representante,Serviços,Varejo,Produto_62,2,4135.59,3495.02,640.57
2024-07-29,RS,Representante,Serviços,Distribuidor,Produto_109,11,4521.16,2968.57,1552.59
2024-07-29,SC,Representante,Móveis,Varejo,Produto_100,9,12964.16,9749.66,3214.5
2024-07-30,RS,Loja Física,Serviços,Corporativo,Produto_13,11,12975.27,8765.41,4209.86
2024-07-30,BA,Online,Eletrônicos,Corporativo,Produto_13,5,10122.92,8190.89,1932.03
2024-07-31,MG,Marketplace,Eletrônicos,Distribuidor,Produto_93,11,19598.78,12647.47,6951.31
2024-08-01,RJ,Marketplace,Serviços,Corporativo,Produto_99,1,1745.11,1297.91,447.2
2024-08-01,RJ,Representante,Móveis,Distribuidor,Produto_27,2,3202.04,2387.31,814.73
2024-08-01,BA,Representante,Serviços,Varejo,Produto_63,3,2065.39,1705.55,359.84
2024-08-01,MG,Loja Física,Serviços,Distribuidor,Produto_59,9,6700.46,4151.91,2548.56
2024-08-02,PR,Marketplace,Serviços,Varejo,Produto_33,12,21885.6,16877.62,5007.98
2024-08-02,PR,Representante,Móveis,Corporativo,Produto_67,10,15066.44,12647.15,2419.28
2024-08-03,BA,Loja Física,Acessórios,Distribuidor,Produto_21,5,10487.84,7382.27,3105.57
2024-08-03,SP,Online,Móveis,Corporativo,Produto_87,7,15467.29,8697.24,6770.05
2024-08-03,SC,Representante,Móveis,Corporativo,Produto_103,5,5356.4,4164.03,1192.37
2024-08-03,MG,Loja Física,Informática,Distribuidor,Produto_94,1,750.47,500.97,249.5
2024-08-03,MG,Marketplace,Eletrônicos,Varejo,Produto_35,9,19331.42,12943.31,6388.11
2024-08-04,BA,Marketplace,Informática,Varejo,Produto_108,2,2917.8,2435.78,482.02
2024-08-04,RS,Loja Física,Móveis,Distribuidor,Produto_117,7,10530.47,6374.41,4156.06
2024-08-05,SC,Loja Física,Informática,Distribuidor,Produto_89,2,3867.86,2160.5,1707.36
2024-08-05,RS,Loja Física,Serviços,Corporativo,Produto_115,3,6781.13,4096.3,2684.83
2024-08-05,MG,Marketplace,Serviços,Distribuidor,Produto_96,4,5901.5,4480.75,1420.75
2024-08-05,SP,Loja Física,Eletrônicos,Corporativo,Produto_114,2,2860.41,2246.66,613.75
2024-08-05,SC,Marketplace,Eletrônicos,Corporativo,Produto_115,7,2479.81,1539.24,940.58
2024-08-05,RJ,Representante,Serviços,Distribuidor,Produto_54,5,9457.3,7382.94,2074.36
2024-08-05,MG,Representante,Informática,Corporativo,Produto_92,10,12105.29,10128.5,1976.79
2024-08-06,SP,Online,Informática,Corporativo,Produto_3,6,1307.06,917.91,389.15
2024-08-06,SC,Representante,Móveis,Distribuidor,Produto_118,8,1945.44,1485.42,460.02
2024-08-06,RJ,Online,Acessórios,Corporativo,Produto_43,8,11212.44,6914.29,4298.15
2024-08-06,SC,Marketplace,Serviços,Corporativo,Produto_102,8,4592.36,3056.97,1535.39
2024-08-06,RS,Online,Eletrônicos,Distribuidor,Produto_28,8,4526.57,3711.83,814.74
2024-08-06,BA,Marketplace,Eletrônicos,Corporativo,Produto_11,5,5822.65,3456.88,2365.77
2024-08-07,BA,Marketplace,Eletrônicos,Corporativo,Produto_45,2,3774.95,2859.62,915.34
2024-08-07,BA,Loja Física,Eletrônicos,Varejo,Produto_45,13,20590.0,14950.56,5639.44
2024-08-07,ES,Marketplace,Móveis,Distribuidor,Produto_20,12,13720.11,10616.3,3103.81
2024-08-08,ES,Online,Móveis,Corporativo,Produto_40,9,15232.38,11437.97,3794.41
2024-08-08,BA,Loja Física,Móveis,Distribuidor,Produto_2,1,1113.84,831.3,282.54
2024-08-08,RJ,Representante,Acessórios,Distribuidor,Produto_111,13,2551.79,1447.45,1104.35
2024-08-08,ES,Loja Física,Acessórios,Corporativo,Produto_67,13,15430.64,9488.0,5942.63
2024-08-08,PR,Marketplace,Informática,Distribuidor,Produto_57,8,19945.21,15601.27,4343.94
2024-08-08,MG,Loja Física,Informática,Distribuidor,Produto_92,12,11772.22,9318.49,2453.73
2024-08-08,PR,Representante,Informática,Varejo,Produto_32,1,177.49,101.96,75.54
2024-08-08,PR,Online,Eletrônicos,Corporativo,Produto_109,4,1792.11,1196.68,595.43
2024-08-09,BA,Representante,Móveis,Corporativo,Produto_3,7,8986.43,7421.51,1564.92
2024-08-09,ES,Marketplace,Acessórios,Corporativo,Produto_56,5,1528.25,931.79,596.45
2024-08-09,MG,Marketplace,Eletrônicos,Distribuidor,Produto_72,11,25112.96,17505.47,7607.49
2024-08-09,PR,Loja Física,Informática,Corporativo,Produto_47,3,7232.09,4597.27,2634.82
2024-08-09,MG,Representante,Móveis,Varejo,Produto_42,3,1031.22,870.11,161.11
2024-08-09,MG,Online,Móveis,Varejo,Produto_9,11,25643.99,19773.41,5870.58
2024-08-10,RJ,Marketplace,Serviços,Corporativo,Produto_71,8,10724.26,8182.06,2542.2
2024-08-10,MG,Marketplace,Móveis,Distribuidor,Produto_1,10,9932.88,5949.16,3983.72
2024-08-10,PR,Marketplace,Eletrônicos,Distribuidor,Produto_116,14,34677.41,26607.01,8070.4
2024-08-10,SC,Loja Física,Informática,Corporativo,Produto_19,8,16050.49,10685.84,5364.65
2024-08-10,SP,Loja Física,Eletrônicos,Corporativo,Produto_23,6,1303.09,799.37,503.72
2024-08-10,SC,Marketplace,Acessórios,Distribuidor,Produto_109,7,10331.09,6232.71,4098.38
2024-08-11,ES,Representante,Móveis,Varejo,Produto_68,10,6008.55,4290.69,1717.85
2024-08-11,RS,Online,Acessórios,Corporativo,Produto_50,2,4399.65,3202.82,1196.83
2024-08-11,RJ,Marketplace,Acessórios,Corporativo,Produto_113,10,9664.98,7067.08,2597.89
2024-08-11,SC,Online,Móveis,Varejo,Produto_7,6,3363.26,2624.91,738.35
2024-08-11,BA,Marketplace,Acessórios,Distribuidor,Produto_10,5,3201.76,2422.21,779.54
2024-08-12,SP,Marketplace,Acessórios,Varejo,Produto_75,9,9366.46,6701.48,2664.98
2024-08-12,BA,Marketplace,Móveis,Distribuidor,Produto_21,5,6463.68,4095.97,2367.71
2024-08-13,RS,Representante,Móveis,Distribuidor,Produto_48,2,953.14,553.97,399.17
2024-08-13,ES,Loja Física,Móveis,Corporativo,Produto_44,8,1302.49,760.48,542.0
2024-08-13,SP,Representante,Móveis,Varejo,Produto_19,6,4824.55,3546.39,1278.17
2024-08-13,RJ,Marketplace,Acessórios,Corporativo,Produto_90,13,17167.89,12680.02,4487.86
2024-08-14,RJ,Online,Acessórios,Varejo,Produto_87,13,31524.49,17790.68,13733.8
2024-08-14,SC,Representante,Serviços,Varejo,Produto_78,3,4496.48,2913.49,1582.99
2024-08-15,SP,Loja Física,Informática,Distribuidor,Produto_12,12,25480.53,14321.94,11158.58
2024-08-15,SP,Representante,Informática,Varejo,Produto_28,14,1632.07,1136.05,496.02
2024-08-15,BA,Representante,Móveis,Varejo,Produto_59,9,10687.16,6437.05,4250.11
2024-08-16,PR,Loja Física,Informática,Varejo,Produto_118,3,3356.58,1993.37,1363.21
2024-08-16,MG,Online,Acessórios,Varejo,Produto_15,8,15728.96,11834.54,3894.42
2024-08-17,MG,Loja Física,Móveis,Corporativo,Produto_42,13,10924.12,7887.06,3037.06
2024-08-18,PR,Representante,Serviços,Distribuidor,Produto_40,8,7367.01,6196.02,1170.99
2024-08-18,RS,Marketplace,Eletrônicos,Varejo,Produto_69,1,63.87,39.26,24.61
2024-08-18,SC,Representante,Serviços,Corporativo,Produto_113,12,23965.04,18308.08,5656.97
2024-08-18,MG,Loja Física,Acessórios,Varejo,Produto_108,5,412.54,300.22,112.32
2024-08-18,RJ,Marketplace,Acessórios,Corporativo,Produto_7,9,8994.32,7617.58,1376.74
2024-08-19,SP,Representante,Móveis,Varejo,Produto_105,14,4767.07,2954.51,1812.56
2024-08-19,MG,Representante,Eletrônicos,Distribuidor,Produto_64,2,4411.01,2594.45,1816.56
2024-08-19,ES,Representante,Eletrônicos,Distribuidor,Produto_64,7,2890.1,2390.34,499.76
2024-08-20,BA,Loja Física,Móveis,Corporativo,Produto_114,4,4694.33,2986.07,1708.26
2024-08-20,PR,Loja Física,Eletrônicos,Varejo,Produto_70,8,4903.31,3059.03,1844.28
2024-08-20,RJ,Online,Informática,Corporativo,Produto_58,5,1923.64,1099.87,823.77
2024-08-20,MG,Loja Física,Acessórios,Corporativo,Produto_97,7,16136.1,10971.79,5164.31
2024-08-20,ES,Online,Móveis,Varejo,Produto_6,7,372.55,232.42,140.13
2024-08-20,PR,Online,Acessórios,Corporativo,Produto_101,6,2592.01,2114.38,477.63
2024-08-20,BA,Marketplace,Móveis,Corporativo,Produto_88,4,5685.63,4615.16,1070.47
2024-08-20,SC,Loja Física,Informática,Corporativo,Produto_35,4,9393.56,7512.53,1881.03
2024-08-21,SC,Loja Física,Informática,Distribuidor,Produto_54,8,9378.42,5940.8,3437.62
2024-08-21,ES,Loja Física,Acessórios,Distribuidor,Produto_104,11,3082.32,1878.44,1203.88
2024-08-21,RS,Loja Física,Eletrônicos,Distribuidor,Produto_85,5,4038.84,3115.99,922.85
2024-08-22,RS,Loja Física,Acessórios,Varejo,Produto_103,14,28546.74,18496.89,10049.85
2024-08-24,RJ,Online,Móveis,Corporativo,Produto_23,3,2238.4,1638.1,600.3
2024-08-25,MG,Representante,Móveis,Distribuidor,Produto_58,9,11784.64,8481.3,3303.35
2024-08-25,SC,Loja Física,Acessórios,Distribuidor,Produto_50,14,28478.6,20825.61,7652.99
2024-08-25,PR,Representante,Eletrônicos,Distribuidor,Produto_96,13,28778.83,22456.82,6322.01
2024-08-25,ES,Loja Física,Informática,Varejo,Produto_49,1,716.02,599.96,116.06
2024-08-26,ES,Loja Física,Eletrônicos,Corporativo,Produto_96,8,1909.83,1126.09,783.74
2024-08-26,SP,Online,Eletrônicos,Corporativo,Produto_96,9,20130.56,15156.68,4973.88
2024-08-26,RS,Representante,Acessórios,Varejo,Produto_56,13,26900.86,15702.9,11197.97
2024-08-27,SP,Representante,Serviços,Varejo,Produto_90,10,19926.36,13611.96,6314.4
2024-08-27,BA,Loja Física,Eletrônicos,Corporativo,Produto_65,2,3200.06,2563.4,636.66
2024-08-27,MG,Online,Móveis,Distribuidor,Produto_2,8,17370.51,13349.38,4021.13
2024-08-27,MG,Loja Física,Eletrônicos,Corporativo,Produto_115,8,11117.03,6645.2,4471.83
2024-08-27,MG,Marketplace,Acessórios,Corporativo,Produto_61,4,3630.38,2877.61,752.77
2024-08-27,RS,Representante,Informática,Varejo,Produto_90,4,368.09,277.07,91.01
2024-08-27,BA,Marketplace,Acessórios,Varejo,Produto_107,12,6213.9,4204.93,2008.96
2024-08-28,MG,Representante,Móveis,Varejo,Produto_84,7,15324.68,12093.0,3231.69
2024-08-28,BA,Marketplace,Móveis,Distribuidor,Produto_86,12,27744.5,16219.91,11524.59
2024-08-28,BA,Loja Física,Eletrônicos,Distribuidor,Produto_44,6,7733.29,4776.89,2956.39
2024-08-29,SC,Online,Eletrônicos,Varejo,Produto_113,6,2335.11,1629.26,705.85
2024-08-29,RS,Online,Acessórios,Varejo,Produto_86,14,2174.97,1268.28,906.69
2024-08-30,ES,Representante,Eletrônicos,Varejo,Produto_8,1,1800.99,1495.05,305.95
2024-08-30,RS,Loja Física,Acessórios,Corporativo,Produto_73,6,9500.73,5250.81,4249.93
2024-08-30,SC,Online,Serviços,Distribuidor,Produto_98,14,1774.34,1504.87,269.47
2024-08-30,ES,Loja Física,Móveis,Distribuidor,Produto_49,7,12878.04,7554.43,5323.61
2024-09-01,SC,Loja Física,Eletrônicos,Varejo,Produto_7,1,1913.95,1534.0,379.94
2024-09-01,BA,Representante,Eletrônicos,Distribuidor,Produto_45,4,9098.03,5397.65,3700.39
2024-09-01,MG,Online,Eletrônicos,Varejo,Produto_62,12,28727.79,22363.03,6364.77
2024-09-02,MG,Loja Física,Eletrônicos,Corporativo,Produto_25,14,4808.01,2913.22,1894.78
2024-09-02,RS,Representante,Acessórios,Distribuidor,Produto_101,14,4505.8,3690.13,815.67
2024-09-03,ES,Loja Física,Eletrônicos,Corporativo,Produto_31,11,8554.01,5385.59,3168.42
2024-09-03,BA,Loja Física,Móveis,Varejo,Produto_93,7,6195.01,4639.81,1555.2
2024-09-04,ES,Representante,Informática,Distribuidor,Produto_59,14,32660.16,22620.69,10039.47
2024-09-04,RS,Marketplace,Móveis,Corporativo,Produto_39,6,11768.82,6624.44,5144.38
2024-09-04,PR,Loja Física,Eletrônicos,Varejo,Produto_15,4,8502.72,5401.02,3101.7
2024-09-04,SC,Online,Eletrônicos,Distribuidor,Produto_83,1,281.98,217.5,64.47
2024-09-04,RJ,Online,Móveis,Corporativo,Produto_25,3,1608.28,1185.0,423.28
2024-09-05,ES,Representante,Acessórios,Varejo,Produto_33,12,9061.9,6883.88,2178.02
2024-09-05,SC,Marketplace,Móveis,Corporativo,Produto_67,5,2925.68,1916.18,1009.5
2024-09-05,SP,Marketplace,Serviços,Corporativo,Produto_91,2,4630.39,3104.26,1526.13
2024-09-05,RJ,Loja Física,Eletrônicos,Distribuidor,Produto_54,11,23788.96,15779.17,8009.79
2024-09-06,SP,Online,Eletrônicos,Corporativo,Produto_42,9,17042.01,10671.08,6370.93
2024-09-06,RS,Online,Acessórios,Corporativo,Produto_33,10,10059.18,6595.03,3464.15
2024-09-06,BA,Online,Móveis,Corporativo,Produto_19,10,23641.73,16695.31,6946.41
2024-09-06,RS,Representante,Móveis,Corporativo,Produto_81,9,7852.06,6404.02,1448.04
2024-09-06,RS,Loja Física,Acessórios,Varejo,Produto_16,1,483.16,337.18,145.98
2024-09-07,ES,Marketplace,Informática,Varejo,Produto_46,11,19255.08,10911.14,8343.94
2024-09-07,RJ,Marketplace,Informática,Varejo,Produto_62,9,7547.7,4652.76,2894.95
2024-09-08,SC,Representante,Móveis,Corporativo,Produto_92,11,1290.93,987.55,303.38
2024-09-08,PR,Online,Acessórios,Varejo,Produto_67,5,10701.11,8035.79,2665.32
2024-09-08,RJ,Online,Serviços,Corporativo,Produto_104,13,20435.22,17252.96,3182.27
2024-09-09,BA,Online,Acessórios,Distribuidor,Produto_76,13,14996.55,8287.99,6708.56
2024-09-09,SP,Online,Eletrônicos,Varejo,Produto_116,3,5613.25,4763.13,850.12
2024-09-11,RJ,Marketplace,Informática,Distribuidor,Produto_119,2,4613.68,3214.07,1399.61
2024-09-11,SC,Representante,Serviços,Varejo,Produto_68,1,813.62,493.68,319.95
2024-09-11,BA,Online,Serviços,Varejo,Produto_54,9,19292.75,15732.5,3560.25
2024-09-11,SC,Representante,Eletrônicos,Corporativo,Produto_94,14,3000.42,2265.29,735.13
2024-09-12,BA,Representante,Informática,Distribuidor,Produto_99,13,12654.11,7606.06,5048.04
2024-09-12,SC,Online,Móveis,Corporativo,Produto_15,1,1985.91,1326.56,659.35
2024-09-12,RS,Representante,Informática,Corporativo,Produto_61,2,4357.92,3301.8,1056.13
2024-09-13,MG,Online,Móveis,Corporativo,Produto_12,3,5547.72,3978.22,1569.5
2024-09-14,SC,Online,Móveis,Corporativo,Produto_9,6,5598.05,3183.63,2414.43
2024-09-14,SP,Representante,Serviços,Varejo,Produto_99,1,1033.99,577.07,456.93
2024-09-14,SP,Online,Acessórios,Distribuidor,Produto_63,4,1969.84,1084.08,885.76
2024-09-15,RJ,Marketplace,Móveis,Varejo,Produto_70,9,7848.39,6296.58,1551.8
2024-09-15,SP,Loja Física,Serviços,Corporativo,Produto_100,8,13073.5,9429.83,3643.67
2024-09-15,RJ,Online,Móveis,Distribuidor,Produto_23,13,22529.55,15257.36,7272.19
2024-09-16,SP,Online,Móveis,Distribuidor,Produto_62,10,9466.91,5423.76,4043.15
2024-09-16,SP,Marketplace,Serviços,Corporativo,Produto_104,1,2414.59,1347.73,1066.86
2024-09-16,RS,Loja Física,Informática,Distribuidor,Produto_79,11,7301.2,5274.17,2027.03
2024-09-17,RJ,Loja Física,Acessórios,Varejo,Produto_7,11,22732.43,18863.81,3868.61
2024-09-17,RJ,Marketplace,Eletrônicos,Corporativo,Produto_59,12,12774.81,8885.3,3889.51
2024-09-18,SP,Marketplace,Eletrônicos,Corporativo,Produto_54,14,33335.67,27905.05,5430.62
2024-09-18,SP,Online,Acessórios,Distribuidor,Produto_46,6,12797.83,8370.94,4426.89
2024-09-18,MG,Online,Serviços,Corporativo,Produto_32,5,7556.47,4184.94,3371.53
2024-09-18,SC,Loja Física,Informática,Varejo,Produto_49,10,22728.01,15387.43,7340.58
2024-09-19,SP,Loja Física,Informática,Distribuidor,Produto_60,12,18107.08,10244.93,7862.15
2024-09-19,RJ,Loja Física,Serviços,Corporativo,Produto_15,13,11395.96,6767.68,4628.28
2024-09-19,MG,Representante,Informática,Varejo,Produto_63,7,1567.67,1255.89,311.77
2024-09-19,BA,Online,Serviços,Varejo,Produto_90,3,2031.93,1660.28,371.65
2024-09-20,ES,Representante,Informática,Varejo,Produto_52,5,7834.55,5538.79,2295.76
2024-09-20,ES,Marketplace,Móveis,Varejo,Produto_37,7,10945.53,6531.39,4414.14
2024-09-20,SP,Marketplace,Eletrônicos,Varejo,Produto_66,11,16088.4,11479.91,4608.49
2024-09-21,SC,Loja Física,Acessórios,Varejo,Produto_16,13,13287.85,11201.46,2086.4
2024-09-21,BA,Online,Eletrônicos,Corporativo,Produto_113,14,29249.03,19225.48,10023.55
2024-09-21,SC,Marketplace,Serviços,Distribuidor,Produto_35,1,2341.72,1427.99,913.73
2024-09-21,SC,Loja Física,Serviços,Corporativo,Produto_81,12,27103.26,22571.54,4531.72
2024-09-22,RJ,Marketplace,Serviços,Distribuidor,Produto_35,4,1676.47,1058.46,618.0
2024-09-22,ES,Representante,Informática,Varejo,Produto_21,6,14714.2,9290.91,5423.29
2024-09-22,RJ,Representante,Informática,Varejo,Produto_12,2,4437.08,3383.35,1053.73
2024-09-22,SC,Representante,Móveis,Distribuidor,Produto_16,4,2959.43,2090.33,869.09
2024-09-22,RS,Online,Serviços,Distribuidor,Produto_37,8,8814.67,5984.02,2830.66
2024-09-23,RJ,Representante,Informática,Varejo,Produto_61,2,2871.6,2037.66,833.94
2024-09-23,PR,Loja Física,Acessórios,Distribuidor,Produto_81,6,475.0,263.47,211.52
2024-09-23,RS,Online,Informática,Varejo,Produto_24,5,12265.33,6811.42,5453.91
2024-09-23,PR,Marketplace,Eletrônicos,Distribuidor,Produto_95,2,3313.05,1984.64,1328.41
2024-09-24,RS,Loja Física,Móveis,Varejo,Produto_58,5,5559.31,4243.46,1315.85
2024-09-24,SP,Marketplace,Eletrônicos,Corporativo,Produto_98,12,5740.28,4783.63,956.64
2024-09-24,MG,Online,Eletrônicos,Varejo,Produto_90,7,16754.9,9923.42,6831.48
2024-09-25,RS,Representante,Acessórios,Distribuidor,Produto_51,13,3121.42,1984.27,1137.15
2024-09-25,RS,Representante,Eletrônicos,Corporativo,Produto_99,6,7315.98,5916.62,1399.36
2024-09-25,SP,Online,Eletrônicos,Corporativo,Produto_30,2,3831.55,3177.73,653.82
2024-09-26,ES,Loja Física,Eletrônicos,Varejo,Produto_93,1,1173.02,735.87,437.15
2024-09-26,SC,Loja Física,Acessórios,Distribuidor,Produto_105,11,5812.62,4079.71,1732.9
2024-09-26,MG,Online,Eletrônicos,Corporativo,Produto_75,12,15203.16,10652.16,4551.0
2024-09-26,SP,Marketplace,Móveis,Varejo,Produto_35,6,11814.18,7252.51,4561.67
2024-09-26,SP,Online,Informática,Corporativo,Produto_64,11,20606.77,17414.32,3192.46
2024-09-27,SP,Representante,Informática,Corporativo,Produto_8,7,4757.65,2770.89,1986.76
2024-09-27,SP,Loja Física,Eletrônicos,Corporativo,Produto_81,8,5100.31,3320.92,1779.39
2024-09-27,ES,Representante,Eletrônicos,Varejo,Produto_113,14,13194.98,7414.94,5780.04
2024-09-27,BA,Marketplace,Informática,Varejo,Produto_87,13,10255.85,5948.53,4307.32
2024-09-28,RS,Representante,Eletrônicos,Corporativo,Produto_49,2,2117.76,1231.66,886.1
2024-09-28,MG,Marketplace,Acessórios,Distribuidor,Produto_83,10,3950.43,2615.4,1335.02
2024-09-28,ES,Online,Móveis,Varejo,Produto_115,6,1325.85,889.99,435.86
2024-09-28,RJ,Loja Física,Móveis,Distribuidor,Produto_90,10,5679.3,3389.71,2289.59
2024-09-29,ES,Representante,Acessórios,Varejo,Produto_119,2,667.65,471.5,196.15
2024-09-29,BA,Representante,Eletrônicos,Varejo,Produto_76,13,5749.06,4442.81,1306.25
2024-09-30,BA,Representante,Serviços,Varejo,Produto_16,14,18195.37,11373.24,6822.13
2024-09-30,BA,Online,Acessórios,Varejo,Produto_17,3,2383.32,1446.74,936.59
2024-09-30,SP,Representante,Acessórios,Corporativo,Produto_76,12,25178.61,21294.36,3884.25
2024-10-01,RS,Representante,Acessórios,Varejo,Produto_49,11,2967.63,2215.63,752.0
2024-10-01,RS,Marketplace,Informática,Corporativo,Produto_118,14,15664.25,10204.2,5460.05
2024-10-01,RJ,Marketplace,Serviços,Corporativo,Produto_54,7,15825.23,8968.04,6857.2
2024-10-01,BA,Marketplace,Móveis,Distribuidor,Produto_90,3,2368.52,1579.2,789.31
2024-10-01,BA,Loja Física,Eletrônicos,Distribuidor,Produto_79,7,9322.59,7835.71,1486.88
2024-10-01,MG,Loja Física,Móveis,Distribuidor,Produto_99,3,542.12,412.32,129.8
2024-10-02,SC,Loja Física,Acessórios,Corporativo,Produto_68,13,25539.51,18700.02,6839.49
2024-10-02,BA,Online,Serviços,Distribuidor,Produto_57,8,6638.63,4949.67,1688.96
2024-10-03,RS,Representante,Acessórios,Varejo,Produto_92,9,8718.58,4910.94,3807.64
2024-10-03,PR,Online,Móveis,Distribuidor,Produto_12,11,19504.08,12738.97,6765.11
2024-10-03,PR,Marketplace,Serviços,Corporativo,Produto_92,6,11590.87,7272.03,4318.84
2024-10-03,RJ,Online,Informática,Distribuidor,Produto_19,2,4268.93,3602.48,666.45
2024-10-04,SP,Marketplace,Eletrônicos,Distribuidor,Produto_53,6,2086.8,1213.11,873.69
2024-10-04,MG,Online,Móveis,Corporativo,Produto_52,14,2532.09,2015.04,517.05
2024-10-04,RJ,Representante,Eletrônicos,Varejo,Produto_83,13,9164.45,7418.08,1746.37
2024-10-04,BA,Loja Física,Eletrônicos,Corporativo,Produto_6,3,1975.78,1618.0,357.78
2024-10-04,SC,Marketplace,Serviços,Distribuidor,Produto_17,9,6524.95,3716.3,2808.66
2024-10-04,SC,Representante,Eletrônicos,Corporativo,Produto_12,10,2261.21,1855.9,405.31
2024-10-05,ES,Loja Física,Eletrônicos,Distribuidor,Produto_67,9,8115.35,5327.05,2788.31
2024-10-05,BA,Marketplace,Informática,Distribuidor,Produto_37,3,997.39,645.06,352.33
2024-10-05,PR,Loja Física,Serviços,Varejo,Produto_36,8,872.59,544.55,328.05
2024-10-05,PR,Online,Serviços,Corporativo,Produto_67,12,23487.7,14393.6,9094.1
2024-10-06,SP,Loja Física,Informática,Distribuidor,Produto_3,14,28862.78,22580.83,6281.95
2024-10-06,MG,Online,Acessórios,Distribuidor,Produto_10,2,4530.43,2967.23,1563.2
2024-10-06,MG,Marketplace,Serviços,Distribuidor,Produto_118,1,2086.05,1411.43,674.61
2024-10-06,PR,Loja Física,Eletrônicos,Corporativo,Produto_82,14,17037.99,14457.22,2580.77
2024-10-06,RJ,Loja Física,Acessórios,Varejo,Produto_61,7,12635.73,10554.54,2081.19
2024-10-07,SC,Loja Física,Informática,Corporativo,Produto_37,5,4070.65,2938.44,1132.21
2024-10-07,SC,Loja Física,Móveis,Distribuidor,Produto_118,7,6696.5,4233.16,2463.33
2024-10-07,ES,Marketplace,Informática,Corporativo,Produto_51,12,12382.0,8020.45,4361.55
2024-10-08,RJ,Representante,Eletrônicos,Corporativo,Produto_8,2,1829.82,1505.34,324.48
2024-10-08,RS,Online,Eletrônicos,Corporativo,Produto_89,6,12204.04,8964.7,3239.34
2024-10-09,SP,Loja Física,Serviços,Distribuidor,Produto_90,5,2100.87,1597.89,502.98
2024-10-09,SP,Online,Informática,Varejo,Produto_41,13,17984.41,12305.12,5679.29
2024-10-09,MG,Marketplace,Serviços,Corporativo,Produto_24,7,13952.88,9104.4,4848.48
2024-10-09,SP,Marketplace,Móveis,Corporativo,Produto_40,8,5339.31,3446.11,1893.2
2024-10-09,PR,Marketplace,Eletrônicos,Varejo,Produto_55,4,3318.09,1844.87,1473.22
2024-10-09,SC,Loja Física,Informática,Distribuidor,Produto_15,1,1706.79,997.75,709.04
2024-10-10,SP,Online,Eletrônicos,Distribuidor,Produto_84,8,12830.13,9337.9,3492.23
2024-10-10,RS,Representante,Móveis,Corporativo,Produto_27,1,1957.91,1453.13,504.78
2024-10-11,SP,Online,Acessórios,Varejo,Produto_12,11,15950.27,12662.08,3288.2
2024-10-11,PR,Loja Física,Informática,Corporativo,Produto_95,12,7291.75,4455.15,2836.6
2024-10-11,SP,Representante,Eletrônicos,Corporativo,Produto_13,4,3979.08,2457.96,1521.13
2024-10-11,RS,Marketplace,Serviços,Varejo,Produto_118,10,12632.77,7466.77,5166.0
2024-10-13,ES,Online,Móveis,Varejo,Produto_103,9,18511.82,10880.68,7631.14
2024-10-13,MG,Marketplace,Serviços,Distribuidor,Produto_93,9,2910.68,2257.2,653.48
2024-10-13,MG,Loja Física,Móveis,Distribuidor,Produto_101,9,18718.42,12058.45,6659.97
2024-10-14,ES,Marketplace,Informática,Varejo,Produto_64,1,933.43,611.0,322.43
2024-10-14,PR,Marketplace,Móveis,Varejo,Produto_111,13,26809.34,21150.71,5658.63
2024-10-15,SC,Loja Física,Acessórios,Varejo,Produto_26,6,13521.57,9208.35,4313.22
2024-10-15,RS,Loja Física,Eletrônicos,Distribuidor,Produto_94,10,18401.46,13021.47,5380.0
2024-10-16,RJ,Online,Acessórios,Corporativo,Produto_92,10,11574.7,7866.52,3708.18
2024-10-16,RJ,Representante,Móveis,Distribuidor,Produto_114,7,5862.37,4438.9,1423.48
2024-10-16,MG,Loja Física,Acessórios,Varejo,Produto_104,14,14007.94,9617.56,4390.38
2024-10-16,PR,Loja Física,Serviços,Distribuidor,Produto_76,8,6398.75,3899.34,2499.4
2024-10-16,RJ,Representante,Móveis,Varejo,Produto_113,13,30197.63,24414.89,5782.74
2024-10-16,MG,Loja Física,Eletrônicos,Varejo,Produto_12,10,8534.76,6277.21,2257.56
2024-10-17,MG,Representante,Serviços,Distribuidor,Produto_116,5,5574.96,4709.6,865.36
2024-10-17,BA,Online,Eletrônicos,Distribuidor,Produto_33,8,1068.28,647.43,420.84
2024-10-17,MG,Representante,Informática,Varejo,Produto_72,10,14342.7,11187.33,3155.37
2024-10-18,BA,Loja Física,Acessórios,Varejo,Produto_19,4,3777.03,2951.28,825.75
2024-10-18,RS,Marketplace,Acessórios,Varejo,Produto_55,4,8692.76,7186.61,1506.15
2024-10-18,BA,Representante,Informática,Varejo,Produto_58,10,13352.35,7425.15,5927.2
2024-10-18,SP,Marketplace,Informática,Varejo,Produto_50,11,6178.25,4018.68,2159.56
2024-10-18,SP,Online,Informática,Corporativo,Produto_93,14,28536.06,22039.08,6496.99
2024-10-18,ES,Marketplace,Acessórios,Distribuidor,Produto_105,1,1895.49,1276.07,619.42
2024-10-19,RJ,Marketplace,Móveis,Distribuidor,Produto_23,13,28294.65,16941.0,11353.65
2024-10-19,PR,Representante,Acessórios,Distribuidor,Produto_69,3,2964.06,2155.23,808.83
2024-10-20,SP,Representante,Serviços,Corporativo,Produto_69,4,1330.13,996.63,333.49
2024-10-20,PR,Online,Acessórios,Varejo,Produto_76,4,7072.06,5274.85,1797.2
2024-10-21,BA,Online,Eletrônicos,Varejo,Produto_74,4,9707.84,6918.95,2788.89
2024-10-21,BA,Representante,Serviços,Varejo,Produto_52,11,14125.6,9258.65,4866.94
2024-10-21,SP,Representante,Acessórios,Distribuidor,Produto_37,5,5558.61,4618.89,939.72
2024-10-21,SP,Marketplace,Informática,Varejo,Produto_63,7,3333.2,2495.45,837.76
2024-10-21,PR,Marketplace,Acessórios,Varejo,Produto_38,4,1428.74,1043.59,385.15
2024-10-21,MG,Online,Serviços,Distribuidor,Produto_6,6,8375.66,6210.91,2164.74
2024-10-21,SP,Marketplace,Informática,Distribuidor,Produto_24,11,24237.25,14415.43,9821.82
2024-10-21,RS,Loja Física,Informática,Corporativo,Produto_13,5,10102.44,8203.97,1898.47
2024-10-22,ES,Loja Física,Serviços,Distribuidor,Produto_33,8,469.32,389.29,80.02
2024-10-22,RS,Loja Física,Móveis,Varejo,Produto_75,9,5805.64,4293.78,1511.86
2024-10-22,SP,Representante,Móveis,Distribuidor,Produto_78,2,2180.76,1233.11,947.65
2024-10-22,SC,Online,Acessórios,Corporativo,Produto_16,6,1987.5,1417.96,569.54
2024-10-22,RS,Loja Física,Eletrônicos,Corporativo,Produto_74,5,2281.13,1463.46,817.67
2024-10-23,MG,Online,Eletrônicos,Distribuidor,Produto_5,5,6737.34,3852.07,2885.27
2024-10-23,SC,Representante,Móveis,Distribuidor,Produto_104,13,21337.41,12367.19,8970.22
2024-10-23,RJ,Online,Eletrônicos,Distribuidor,Produto_82,4,6807.47,4454.33,2353.14
2024-10-24,BA,Representante,Serviços,Varejo,Produto_69,7,2703.23,1536.69,1166.55
2024-10-24,SP,Representante,Eletrônicos,Varejo,Produto_16,13,25278.85,13970.27,11308.57
2024-10-26,RS,Representante,Eletrônicos,Varejo,Produto_85,3,5490.57,4640.07,850.5
2024-10-26,MG,Marketplace,Eletrônicos,Varejo,Produto_90,2,3461.76,2264.81,1196.95
2024-10-26,SP,Marketplace,Acessórios,Varejo,Produto_88,3,3347.92,2173.07,1174.85
2024-10-27,MG,Loja Física,Eletrônicos,Corporativo,Produto_68,2,1931.39,1184.11,747.28
2024-10-27,PR,Online,Móveis,Distribuidor,Produto_105,2,2200.37,1740.91,459.47
2024-10-27,BA,Online,Acessórios,Corporativo,Produto_51,4,1897.54,1116.84,780.7
2024-10-27,RJ,Loja Física,Móveis,Distribuidor,Produto_62,14,33833.59,24823.01,9010.58
2024-10-27,BA,Marketplace,Acessórios,Distribuidor,Produto_94,12,6927.84,5313.26,1614.59
2024-10-27,PR,Online,Eletrônicos,Distribuidor,Produto_58,11,15812.1,11921.74,3890.36
2024-10-28,RJ,Marketplace,Serviços,Varejo,Produto_13,5,6638.24,4712.13,1926.1
2024-10-28,BA,Online,Acessórios,Varejo,Produto_33,7,2364.64,1737.8,626.84
2024-10-28,SC,Loja Física,Eletrônicos,Distribuidor,Produto_93,3,6636.74,4004.87,2631.87
2024-10-28,BA,Loja Física,Acessórios,Distribuidor,Produto_113,1,1631.99,1085.95,546.04
2024-10-28,SP,Representante,Móveis,Distribuidor,Produto_62,14,31109.92,21872.39,9237.53
2024-10-29,SP,Loja Física,Informática,Varejo,Produto_117,14,6063.61,3596.65,2466.96
2024-10-29,SC,Online,Móveis,Corporativo,Produto_113,2,4130.01,3178.34,951.67
2024-10-30,ES,Loja Física,Informática,Varejo,Produto_72,5,10860.08,7796.84,3063.24
2024-10-30,SC,Representante,Móveis,Varejo,Produto_59,14,11216.35,6840.15,4376.2
2024-10-30,RJ,Representante,Eletrônicos,Varejo,Produto_18,1,1034.92,633.62,401.3
2024-10-31,SC,Loja Física,Acessórios,Distribuidor,Produto_99,2,1842.12,1113.37,728.76
2024-10-31,RJ,Representante,Eletrônicos,Distribuidor,Produto_27,14,12885.67,7374.71,5510.96
2024-10-31,RS,Representante,Eletrônicos,Distribuidor,Produto_116,8,13447.21,7660.93,5786.28
2024-11-01,BA,Loja Física,Móveis,Corporativo,Produto_3,6,3647.33,2990.02,657.31
2024-11-01,MG,Representante,Informática,Distribuidor,Produto_34,5,848.07,628.79,219.28
2024-11-01,MG,Online,Informática,Corporativo,Produto_22,4,7322.82,5368.99,1953.83
2024-11-01,SC,Representante,Informática,Distribuidor,Produto_109,2,1379.52,962.46,417.06
2024-11-02,PR,Marketplace,Acessórios,Corporativo,Produto_105,13,27870.16,20414.74,7455.42
2024-11-02,BA,Representante,Serviços,Varejo,Produto_33,10,17263.6,9815.37,7448.24
2024-11-03,SC,Online,Acessórios,Distribuidor,Produto_99,10,10864.39,8685.18,2179.21
2024-11-04,RS,Online,Serviços,Varejo,Produto_4,2,4730.33,3930.64,799.69
2024-11-04,RJ,Marketplace,Serviços,Corporativo,Produto_98,9,15551.04,10551.42,4999.62
2024-11-04,BA,Online,Serviços,Corporativo,Produto_30,9,14091.82,11649.68,2442.15
2024-11-04,ES,Marketplace,Acessórios,Varejo,Produto_38,8,15787.81,12783.25,3004.56
2024-11-05,SC,Online,Informática,Distribuidor,Produto_53,1,730.66,428.65,302.01
2024-11-05,ES,Marketplace,Serviços,Corporativo,Produto_105,8,7759.96,5729.45,2030.51
2024-11-05,SP,Online,Eletrônicos,Corporativo,Produto_58,2,3513.75,2370.82,1142.94
2024-11-05,SP,Online,Acessórios,Corporativo,Produto_78,8,11122.4,7301.74,3820.66
2024-11-05,SP,Representante,Serviços,Varejo,Produto_53,7,17294.08,12668.18,4625.9
2024-11-06,PR,Representante,Eletrônicos,Distribuidor,Produto_47,11,15920.92,9568.95,6351.96
2024-11-06,RS,Loja Física,Eletrônicos,Distribuidor,Produto_5,1,1278.83,1026.39,252.44
2024-11-06,PR,Marketplace,Informática,Varejo,Produto_44,14,7802.58,5080.09,2722.49
2024-11-06,RJ,Loja Física,Informática,Distribuidor,Produto_110,10,23796.37,18749.25,5047.12
2024-11-07,SC,Loja Física,Serviços,Distribuidor,Produto_41,12,8764.84,7151.23,1613.61
2024-11-07,SC,Representante,Informática,Distribuidor,Produto_50,2,1737.56,1186.98,550.59
2024-11-08,SC,Representante,Serviços,Distribuidor,Produto_92,9,6019.72,4608.58,1411.14
2024-11-08,RS,Representante,Eletrônicos,Varejo,Produto_106,9,3111.16,2285.42,825.73
2024-11-08,PR,Online,Informática,Corporativo,Produto_119,9,4570.53,2914.08,1656.46
2024-11-08,SP,Loja Física,Eletrônicos,Varejo,Produto_65,6,7799.04,5288.04,2511.0
2024-11-08,RJ,Loja Física,Eletrônicos,Distribuidor,Produto_16,10,17639.19,10629.79,7009.4
2024-11-08,BA,Marketplace,Móveis,Distribuidor,Produto_109,9,18578.17,14062.49,4515.68
2024-11-09,PR,Online,Eletrônicos,Varejo,Produto_92,12,2397.01,1586.92,810.09
2024-11-09,ES,Representante,Acessórios,Corporativo,Produto_12,10,24434.82,18190.88,6243.94
2024-11-09,PR,Loja Física,Móveis,Distribuidor,Produto_15,8,2397.06,1807.42,589.63
2024-11-09,SP,Loja Física,Serviços,Distribuidor,Produto_60,10,22256.22,13872.53,8383.69
2024-11-09,RS,Marketplace,Móveis,Varejo,Produto_109,1,1838.98,1286.72,552.26
2024-11-09,RS,Marketplace,Serviços,Corporativo,Produto_45,13,31922.79,22737.26,9185.53
2024-11-10,RS,Online,Informática,Varejo,Produto_100,13,29053.99,19352.06,9701.92
2024-11-10,BA,Representante,Móveis,Varejo,Produto_4,2,4052.16,2684.19,1367.96
2024-11-11,RJ,Representante,Móveis,Varejo,Produto_61,9,14222.1,11773.02,2449.08
2024-11-11,SP,Marketplace,Informática,Varejo,Produto_36,2,329.8,246.16,83.64
2024-11-11,RS,Representante,Eletrônicos,Distribuidor,Produto_18,5,12012.53,7646.81,4365.71
2024-11-11,RJ,Online,Móveis,Distribuidor,Produto_74,11,7356.35,4343.2,3013.14
2024-11-12,ES,Loja Física,Serviços,Varejo,Produto_115,11,12783.49,7991.21,4792.28
2024-11-12,BA,Online,Serviços,Varejo,Produto_39,8,9616.61,6458.33,3158.28
2024-11-12,BA,Representante,Informática,Varejo,Produto_57,5,12107.63,8509.89,3597.73
2024-11-12,SC,Marketplace,Informática,Corporativo,Produto_19,7,4303.94,3324.63,979.31
2024-11-13,RS,Loja Física,Serviços,Distribuidor,Produto_69,9,15542.68,12945.36,2597.32
2024-11-13,SP,Marketplace,Acessórios,Corporativo,Produto_63,4,3837.68,3002.02,835.67
2024-11-13,SC,Representante,Serviços,Corporativo,Produto_77,9,5765.49,3750.83,2014.66
2024-11-13,ES,Loja Física,Móveis,Varejo,Produto_89,9,21860.01,15808.81,6051.2
2024-11-13,SP,Representante,Informática,Corporativo,Produto_79,5,349.04,271.29,77.75
2024-11-14,MG,Representante,Eletrônicos,Distribuidor,Produto_110,3,6593.59,4450.54,2143.06
2024-11-14,BA,Loja Física,Informática,Varejo,Produto_49,14,25418.91,16391.26,9027.65
2024-11-14,SC,Loja Física,Móveis,Varejo,Produto_71,6,4870.41,3675.66,1194.75
2024-11-15,RJ,Representante,Móveis,Corporativo,Produto_36,7,6024.37,4969.56,1054.81
2024-11-15,SP,Marketplace,Informática,Varejo,Produto_31,11,15985.75,11623.79,4361.97
2024-11-15,MG,Online,Informática,Corporativo,Produto_75,12,18767.27,14465.79,4301.48
2024-11-16,SC,Online,Móveis,Varejo,Produto_72,12,7976.24,5286.0,2690.24
2024-11-16,SP,Loja Física,Móveis,Distribuidor,Produto_45,9,21642.34,17515.76,4126.58
2024-11-16,SC,Loja Física,Serviços,Distribuidor,Produto_73,14,823.92,495.94,327.98
2024-11-17,SC,Loja Física,Serviços,Corporativo,Produto_56,5,8089.15,6756.48,1332.67
2024-11-17,SP,Marketplace,Eletrônicos,Distribuidor,Produto_61,7,12938.17,7186.66,5751.52
2024-11-17,ES,Online,Serviços,Corporativo,Produto_75,10,7277.25,4695.46,2581.79
2024-11-17,PR,Representante,Eletrônicos,Varejo,Produto_90,14,10051.23,6195.98,3855.24
2024-11-18,SC,Online,Informática,Distribuidor,Produto_47,3,7274.48,4435.14,2839.34
2024-11-18,SP,Marketplace,Informática,Distribuidor,Produto_67,14,29098.15,23224.32,5873.82
2024-11-18,RJ,Marketplace,Serviços,Corporativo,Produto_5,10,17485.22,9691.84,7793.39
2024-11-18,ES,Representante,Serviços,Distribuidor,Produto_110,11,25073.29,20633.84,4439.44
2024-11-18,RS,Online,Eletrônicos,Varejo,Produto_13,12,11416.35,7970.57,3445.78
2024-11-19,ES,Loja Física,Informática,Distribuidor,Produto_53,8,12173.08,9961.05,2212.03
2024-11-19,ES,Marketplace,Eletrônicos,Corporativo,Produto_88,6,14399.22,9298.01,5101.21
2024-11-20,RS,Marketplace,Acessórios,Varejo,Produto_103,5,6936.78,5766.61,1170.17
2024-11-20,PR,Loja Física,Eletrônicos,Distribuidor,Produto_99,10,23719.79,16278.15,7441.64
2024-11-20,PR,Marketplace,Informática,Corporativo,Produto_84,3,4475.66,3275.3,1200.36
2024-11-20,PR,Online,Móveis,Distribuidor,Produto_42,3,4800.05,3134.31,1665.74
2024-11-20,SP,Online,Eletrônicos,Corporativo,Produto_74,5,7163.16,5190.36,1972.8
2024-11-20,SP,Online,Serviços,Varejo,Produto_105,10,7281.11,4908.24,2372.87
2024-11-21,SP,Representante,Informática,Varejo,Produto_32,5,6510.4,4448.51,2061.89
2024-11-21,SP,Marketplace,Móveis,Distribuidor,Produto_59,6,9872.53,7840.92,2031.6
2024-11-22,RJ,Representante,Móveis,Distribuidor,Produto_39,6,11216.24,6209.1,5007.14
2024-11-22,PR,Representante,Serviços,Corporativo,Produto_111,7,7745.87,4940.25,2805.62
2024-11-22,SC,Loja Física,Informática,Corporativo,Produto_27,4,4129.2,3061.36,1067.84
2024-11-22,SP,Marketplace,Serviços,Varejo,Produto_55,10,13658.45,7864.76,5793.69
2024-11-22,PR,Marketplace,Informática,Varejo,Produto_12,9,4656.13,2841.75,1814.39
2024-11-23,PR,Online,Informática,Corporativo,Produto_69,8,18956.72,14059.5,4897.22
2024-11-23,ES,Marketplace,Móveis,Corporativo,Produto_9,3,7346.63,4261.08,3085.56
2024-11-23,BA,Loja Física,Móveis,Varejo,Produto_11,9,10692.64,6462.39,4230.25
2024-11-23,RS,Loja Física,Móveis,Corporativo,Produto_11,4,7358.57,4889.34,2469.24
2024-11-23,SP,Loja Física,Eletrônicos,Corporativo,Produto_89,1,880.74,743.13,137.61
2024-11-23,BA,Loja Física,Eletrônicos,Varejo,Produto_63,9,4380.07,2948.18,1431.89
2024-11-23,ES,Loja Física,Serviços,Corporativo,Produto_29,11,4871.29,3969.5,901.78
2024-11-24,ES,Loja Física,Informática,Varejo,Produto_50,6,12793.11,8916.96,3876.15
2024-11-24,PR,Online,Móveis,Corporativo,Produto_1,2,2392.53,1439.58,952.95
2024-11-24,PR,Online,Acessórios,Corporativo,Produto_47,4,9634.86,6988.55,2646.31
2024-11-24,SP,Online,Móveis,Corporativo,Produto_96,3,432.49,353.89,78.59
2024-11-25,MG,Representante,Eletrônicos,Distribuidor,Produto_63,1,836.16,598.28,237.88
2024-11-25,ES,Marketplace,Móveis,Varejo,Produto_25,11,9915.78,5846.58,4069.2
2024-11-25,SC,Online,Informática,Corporativo,Produto_53,11,22510.67,18393.32,4117.34
2024-11-25,SP,Loja Física,Móveis,Corporativo,Produto_63,8,11126.02,7078.26,4047.76
2024-11-25,ES,Loja Física,Informática,Varejo,Produto_17,6,5340.92,3311.26,2029.66
2024-11-25,BA,Loja Física,Acessórios,Varejo,Produto_90,2,865.6,662.13,203.46
2024-11-26,BA,Marketplace,Informática,Varejo,Produto_37,4,2097.61,1645.03,452.57
2024-11-26,PR,Representante,Móveis,Distribuidor,Produto_11,10,10410.72,7576.91,2833.81
2024-11-26,MG,Online,Eletrônicos,Varejo,Produto_22,2,629.94,421.48,208.46
2024-11-26,ES,Representante,Serviços,Corporativo,Produto_4,7,14339.41,11442.38,2897.04
2024-11-26,RS,Marketplace,Serviços,Corporativo,Produto_118,1,2387.68,1687.21,700.47
2024-11-26,MG,Online,Informática,Corporativo,Produto_100,5,3425.51,1939.3,1486.22
2024-11-26,ES,Representante,Serviços,Corporativo,Produto_45,11,15472.34,10766.62,4705.73
2024-11-27,ES,Marketplace,Informática,Distribuidor,Produto_119,6,14455.42,9293.88,5161.54
2024-11-27,RS,Loja Física,Acessórios,Distribuidor,Produto_60,13,733.05,412.92,320.13
2024-11-27,RJ,Representante,Móveis,Distribuidor,Produto_5,8,18561.36,13195.93,5365.43
2024-11-27,MG,Loja Física,Móveis,Corporativo,Produto_53,9,6982.75,4235.66,2747.09
2024-11-27,SP,Marketplace,Serviços,Distribuidor,Produto_118,10,10224.83,6656.93,3567.9
2024-11-27,PR,Representante,Móveis,Distribuidor,Produto_113,1,264.64,160.16,104.48
2024-11-27,PR,Online,Móveis,Distribuidor,Produto_30,4,554.3,310.64,243.66
2024-11-28,SC,Loja Física,Eletrônicos,Corporativo,Produto_60,3,6590.84,4263.28,2327.56
2024-11-29,PR,Marketplace,Móveis,Distribuidor,Produto_4,6,4118.34,2356.13,1762.21
2024-11-29,RS,Loja Física,Acessórios,Distribuidor,Produto_15,11,13851.79,9276.28,4575.5
2024-11-29,SC,Online,Móveis,Corporativo,Produto_64,3,1198.11,841.01,357.1
2024-11-30,PR,Representante,Serviços,Distribuidor,Produto_14,8,7212.14,4419.28,2792.86
2024-11-30,ES,Online,Serviços,Varejo,Produto_1,10,6539.77,4130.49,2409.28
2024-11-30,BA,Loja Física,Móveis,Corporativo,Produto_33,2,1107.3,803.18,304.12
2024-12-01,SP,Representante,Serviços,Corporativo,Produto_55,6,642.32,381.56,260.76
2024-12-01,ES,Loja Física,Móveis,Varejo,Produto_48,1,2007.46,1167.96,839.51
2024-12-02,RJ,Representante,Móveis,Corporativo,Produto_77,11,1064.73,662.08,402.65
2024-12-02,RS,Online,Móveis,Varejo,Produto_40,7,3527.35,2776.82,750.53
2024-12-02,RS,Loja Física,Móveis,Corporativo,Produto_94,9,18720.77,14690.26,4030.51
2024-12-02,RJ,Loja Física,Eletrônicos,Varejo,Produto_42,12,20216.23,13734.1,6482.13
2024-12-04,RS,Online,Informática,Distribuidor,Produto_118,6,12088.61,7798.11,4290.51
2024-12-04,RS,Online,Serviços,Varejo,Produto_12,11,10583.88,6229.29,4354.59
2024-12-04,RS,Online,Serviços,Corporativo,Produto_33,4,6216.18,3890.63,2325.55
2024-12-04,PR,Online,Acessórios,Distribuidor,Produto_26,9,2667.91,1621.0,1046.92
2024-12-04,ES,Representante,Eletrônicos,Distribuidor,Produto_74,13,30297.37,25539.23,4758.14
2024-12-05,BA,Loja Física,Eletrônicos,Varejo,Produto_34,7,12905.49,8171.71,4733.77
2024-12-05,SC,Representante,Eletrônicos,Corporativo,Produto_29,14,10000.46,7032.33,2968.13
2024-12-05,SC,Marketplace,Informática,Varejo,Produto_114,14,15922.78,8928.24,6994.53
2024-12-06,BA,Representante,Informática,Distribuidor,Produto_67,9,851.3,501.55,349.75
2024-12-06,ES,Representante,Serviços,Varejo,Produto_106,2,4328.97,2522.73,1806.23
2024-12-06,RJ,Online,Informática,Corporativo,Produto_72,14,15126.26,9753.87,5372.39
2024-12-07,SP,Online,Acessórios,Varejo,Produto_112,9,17032.91,9455.45,7577.46
2024-12-08,PR,Representante,Serviços,Varejo,Produto_111,9,2384.53,1444.52,940.02
2024-12-08,RS,Representante,Informática,Varejo,Produto_41,7,15623.68,11864.51,3759.17
2024-12-08,ES,Representante,Eletrônicos,Varejo,Produto_57,7,10075.42,8043.37,2032.05
2024-12-09,SC,Loja Física,Acessórios,Corporativo,Produto_59,11,20989.55,15305.01,5684.53
2024-12-09,RS,Online,Serviços,Corporativo,Produto_62,5,11184.36,7147.99,4036.37
2024-12-09,RS,Marketplace,Informática,Distribuidor,Produto_60,2,3881.16,2333.63,1547.53
2024-12-09,MG,Representante,Serviços,Corporativo,Produto_80,3,4047.11,3404.09,643.02
2024-12-10,RJ,Representante,Acessórios,Corporativo,Produto_30,4,4377.07,3221.12,1155.95
2024-12-10,RS,Loja Física,Móveis,Distribuidor,Produto_20,8,10072.38,7737.39,2334.98
2024-12-10,ES,Online,Serviços,Varejo,Produto_17,10,15722.83,12336.61,3386.22
2024-12-10,RJ,Marketplace,Eletrônicos,Corporativo,Produto_17,14,11650.5,9146.12,2504.39
2024-12-10,PR,Marketplace,Informática,Corporativo,Produto_117,9,16367.11,9542.31,6824.8
2024-12-11,ES,Online,Informática,Distribuidor,Produto_24,5,1675.93,1150.06,525.88
2024-12-11,MG,Loja Física,Móveis,Distribuidor,Produto_112,8,16949.56,13697.44,3252.13
2024-12-11,BA,Loja Física,Serviços,Distribuidor,Produto_6,10,11662.46,9688.22,1974.25
2024-12-12,SP,Representante,Eletrônicos,Varejo,Produto_13,9,7709.82,5190.89,2518.93
2024-12-12,BA,Online,Móveis,Corporativo,Produto_88,9,2633.38,1808.41,824.97
2024-12-12,RS,Loja Física,Móveis,Corporativo,Produto_66,5,4615.82,3232.75,1383.07
2024-12-12,MG,Loja Física,Acessórios,Corporativo,Produto_58,4,9996.76,6659.24,3337.53
2024-12-12,RS,Representante,Informática,Corporativo,Produto_49,3,853.89,512.94,340.95
2024-12-13,BA,Online,Acessórios,Distribuidor,Produto_14,2,1214.82,696.85,517.98
2024-12-13,PR,Representante,Eletrônicos,Varejo,Produto_115,1,652.93,503.92,149.01
2024-12-13,SC,Representante,Serviços,Distribuidor,Produto_79,12,21521.27,15880.74,5640.52
2024-12-14,PR,Marketplace,Eletrônicos,Varejo,Produto_40,14,2382.7,1976.33,406.37
2024-12-14,RJ,Representante,Informática,Varejo,Produto_15,12,8393.69,5243.73,3149.96
2024-12-14,PR,Marketplace,Móveis,Distribuidor,Produto_50,13,16805.52,10134.2,6671.32
2024-12-14,RS,Loja Física,Móveis,Corporativo,Produto_32,12,18789.41,11484.47,7304.93
2024-12-14,RJ,Loja Física,Informática,Distribuidor,Produto_91,3,5189.92,3612.03,1577.89
2024-12-14,SC,Loja Física,Acessórios,Varejo,Produto_87,3,5615.38,3113.88,2501.5
2024-12-15,ES,Representante,Móveis,Varejo,Produto_42,2,252.36,149.09,103.27
2024-12-16,MG,Online,Acessórios,Distribuidor,Produto_38,6,4356.38,2583.29,1773.09
2024-12-16,ES,Online,Serviços,Corporativo,Produto_63,12,23393.76,18878.34,4515.42
2024-12-16,MG,Online,Eletrônicos,Varejo,Produto_84,14,16049.56,9911.99,6137.56
2024-12-16,BA,Online,Eletrônicos,Varejo,Produto_17,7,5541.81,3410.08,2131.73
2024-12-16,ES,Loja Física,Informática,Distribuidor,Produto_98,2,2759.59,2336.22,423.37
2024-12-16,MG,Loja Física,Móveis,Varejo,Produto_90,5,3105.4,2258.87,846.53
2024-12-17,RS,Loja Física,Serviços,Corporativo,Produto_115,12,5430.36,3884.17,1546.19
2024-12-17,RJ,Representante,Serviços,Corporativo,Produto_66,5,11026.09,6731.44,4294.65
2024-12-17,ES,Loja Física,Acessórios,Corporativo,Produto_119,13,12863.29,8668.39,4194.9
2024-12-17,RJ,Marketplace,Informática,Corporativo,Produto_30,5,5167.11,3895.7,1271.41
2024-12-17,PR,Loja Física,Eletrônicos,Varejo,Produto_10,2,3119.84,2394.32,725.52
2024-12-18,ES,Online,Móveis,Corporativo,Produto_25,6,4746.28,2855.88,1890.4
2024-12-18,ES,Marketplace,Informática,Varejo,Produto_46,1,1128.88,716.1,412.78
2024-12-19,SP,Online,Acessórios,Corporativo,Produto_119,11,14700.47,8934.1,5766.37
2024-12-19,MG,Online,Acessórios,Corporativo,Produto_119,3,2904.42,2357.76,546.66
2024-12-19,ES,Loja Física,Eletrônicos,Distribuidor,Produto_35,8,10697.03,7614.92,3082.11
2024-12-19,SC,Representante,Serviços,Varejo,Produto_69,12,26593.93,21132.3,5461.63
2024-12-19,SC,Representante,Eletrônicos,Distribuidor,Produto_108,13,3593.67,2383.92,1209.75
2024-12-19,PR,Representante,Móveis,Corporativo,Produto_119,12,8745.14,6013.62,2731.52
2024-12-19,BA,Online,Móveis,Corporativo,Produto_119,2,4030.51,3089.2,941.31
2024-12-19,BA,Representante,Móveis,Varejo,Produto_48,7,6809.37,5546.01,1263.36
2024-12-20,PR,Online,Móveis,Varejo,Produto_21,7,4373.77,3323.59,1050.18
2024-12-20,PR,Representante,Informática,Corporativo,Produto_71,4,2452.34,2037.74,414.6
2024-12-21,RJ,Online,Serviços,Corporativo,Produto_96,2,3261.17,2377.45,883.72
2024-12-21,SC,Online,Acessórios,Corporativo,Produto_118,5,9175.87,6768.97,2406.9
2024-12-21,BA,Representante,Móveis,Distribuidor,Produto_26,14,33434.71,27513.4,5921.3
2024-12-21,BA,Loja Física,Serviços,Varejo,Produto_75,7,1533.13,964.05,569.08
2024-12-21,MG,Online,Serviços,Distribuidor,Produto_98,11,708.45,503.94,204.52
2024-12-21,RJ,Loja Física,Eletrônicos,Distribuidor,Produto_34,2,4577.6,3455.39,1122.21
2024-12-21,BA,Loja Física,Acessórios,Corporativo,Produto_82,7,3721.7,2177.46,1544.24
2024-12-21,SP,Marketplace,Informática,Corporativo,Produto_99,2,1528.05,938.13,589.92
2024-12-21,RJ,Representante,Serviços,Varejo,Produto_33,3,6720.81,4701.19,2019.62
2024-12-22,ES,Online,Acessórios,Corporativo,Produto_4,7,11837.64,7798.61,4039.03
2024-12-22,MG,Loja Física,Móveis,Varejo,Produto_33,14,908.66,650.03,258.63
2024-12-23,BA,Marketplace,Informática,Distribuidor,Produto_63,7,11124.31,6276.49,4847.81
2024-12-23,RJ,Online,Móveis,Varejo,Produto_13,3,2743.65,1601.8,1141.85
2024-12-23,ES,Representante,Informática,Corporativo,Produto_80,7,8974.63,6097.67,2876.97
2024-12-23,SC,Representante,Móveis,Corporativo,Produto_11,3,4408.95,2716.04,1692.91
2024-12-23,BA,Loja Física,Serviços,Distribuidor,Produto_109,10,16685.87,10502.23,6183.64
2024-12-23,ES,Marketplace,Móveis,Distribuidor,Produto_13,14,29579.74,18213.68,11366.06
2024-12-23,BA,Online,Acessórios,Varejo,Produto_15,8,5405.17,3608.89,1796.27
2024-12-23,ES,Online,Móveis,Corporativo,Produto_59,1,1870.35,1152.72,717.64
2024-12-24,SP,Marketplace,Eletrônicos,Distribuidor,Produto_14,3,7143.26,4465.25,2678.0
2024-12-24,RJ,Loja Física,Móveis,Distribuidor,Produto_59,6,10208.14,8447.99,1760.15
2024-12-25,MG,Loja Física,Informática,Distribuidor,Produto_93,5,10337.27,7792.18,2545.09
2024-12-25,BA,Representante,Móveis,Varejo,Produto_47,11,9331.5,6129.58,3201.92
2024-12-26,ES,Online,Informática,Distribuidor,Produto_21,7,11640.34,7734.81,3905.53
2024-12-26,RS,Loja Física,Acessórios,Corporativo,Produto_111,6,3089.87,1726.55,1363.31
2024-12-26,MG,Representante,Serviços,Varejo,Produto_33,10,11018.37,7118.28,3900.09
2024-12-26,RJ,Online,Eletrônicos,Varejo,Produto_108,12,16292.01,13455.35,2836.66
2024-12-26,SP,Online,Móveis,Distribuidor,Produto_45,8,19167.53,13374.33,5793.2
2024-12-27,SP,Online,Acessórios,Varejo,Produto_107,14,16492.64,12797.64,3695.0
2024-12-28,RS,Online,Eletrônicos,Corporativo,Produto_94,8,6389.04,4722.0,1667.04
2024-12-28,SP,Marketplace,Eletrônicos,Distribuidor,Produto_45,12,18086.42,12672.15,5414.27
2024-12-28,SP,Online,Acessórios,Varejo,Produto_92,2,3660.36,2864.49,795.87
2024-12-28,PR,Marketplace,Serviços,Distribuidor,Produto_101,9,1175.61,756.43,419.18
2024-12-29,RJ,Marketplace,Móveis,Varejo,Produto_31,4,371.19,305.9,65.28
2024-12-29,RJ,Representante,Informática,Varejo,Produto_87,13,17941.43,14379.63,3561.8
2024-12-29,PR,Loja Física,Serviços,Varejo,Produto_31,12,20925.69,16147.08,4778.61
2024-12-29,SC,Representante,Móveis,Corporativo,Produto_111,6,4229.24,3217.9,1011.34
2024-12-29,PR,Online,Serviços,Varejo,Produto_60,4,9178.26,5233.07,3945.19
2024-12-30,RS,Marketplace,Móveis,Distribuidor,Produto_75,9,10264.7,8402.9,1861.8
2024-12-30,RS,Online,Eletrônicos,Varejo,Produto_42,12,9916.44,5890.46,4025.97
2024-12-30,MG,Online,Acessórios,Distribuidor,Produto_55,8,8960.85,6456.01,2504.84
2024-12-30,PR,Loja Física,Acessórios,Corporativo,Produto_51,7,2215.69,1507.34,708.35
